,55708+BLR1,57322+GT01,10167+GEN1,3631+4,3631+5,4939+2,50137+GEN1,50150+GE10,50404+TG2,50404+TG3,54338+6,58537+ASTRO,6178+1,6183+SM-1,6251+1,6251+2,7097+BLR1,7097+BLR2,3548+2,50118+GEN7,50118+GEN8,56374+DG1,58151+STG04,60649+1,6179+1,6179+2,6179+3,6243+1,3470+WAP5,3470+WAP6,3470+WAP7,3470+WAP8,3470+GT1,50043+GT3,52065+GEN1,58870+MG202,298+LIM1,298+LIM2,3576+4,56611+S01,6145+1,6145+2,6146+3,6180+1,6180+2,3492+CT1,3492+CT2,3492+CT3,3492+CT4,3492+CT5,3492+CT6,56981+PYRBT,56984+INABT,60690+WBSS,61362+ECBS,3494+CT2,56961+BATT,60506+BOB,3460+CBY1COMBINED,10184+EG1COMBINED,3561+7COMBINED,3548+GT1COMBINED,6243+2COMBINED,56374+CT1COMBINED,59938+UNIT1COMBINED,55327+CTG1COMBINED,58151+GTG01COMBINED,55144+U1COMBINED,56806+4COMBINED,50118+GEN4COMBINED,50118+GEN9COMBINED,4937+CT-1COMBINED,55153+CTG1COMBINED,52176+GEN1COMBINED,56233+CT02COMBINED,3611+1COMBINED,10243+GEN5COMBINED,3612+5COMBINED,3612+1COMBINED,3609+CGT1COMBINED,3630+10ACOMBINED,59391+ENG01COMBINED,10554+BO3COMBINED,10554+ST3COMBINED,60122+CT7COMBINED,3441+7COMBINED,56350+CT1ACOMBINED,3441+8COMBINED,50150+GEN5COMBINED,3631+10COMBINED,55123+CTG1COMBINED,10298+GEN4COMBINED,3470+WAP1COMBINED,10298+GT1COMBINED,55015+GEN1COMBINED,10298+GT2COMBINED,3466+PHR6COMBINED,3469+51COMBINED,10436+GT41COMBINED,10436+GT38COMBINED,55365+GT1COMBINED,3469+3COMBINED,50043+GT1COMBINED,50815+GEN1COMBINED,50815+GEN4COMBINED,52088+GEN1COMBINED,55047+CTG1COMBINED,55470+ST805COMBINED,55187+GT1COMBINED,55299+CTG3COMBINED,3504+D1COMBINED,3507+D1COMBINED,3452+1COMBINED,3628+4COMBINED,3452+2COMBINED,4195+EPCOMBINED,3490+1COMBINED,8063+CT1COMBINED,3491+3COMBINED,3491+4COMBINED,50109+GEN1COMBINED,54817+GT-1COMBINED,55097+CTG1COMBINED,55132+GTG1COMBINED,58005+CTG-1COMBINED,55172+GT-1COMBINED,55172+ST-5COMBINED,59812+CGT4COMBINED,6146+1COMBINED,7030+U1COMBINED,3494+CT1COMBINED,58471+CTG1COMBINED,55215+CTG1COMBINED,56349+CT2ACOMBINED,56349+CT1ACOMBINED,56524+GEN1COMBINED,56113+1COMBINED,56113+7COMBINED,54338+1COMBINED,10436+ST34COMBINED,50569+GEN1COMBINED,50569+GEN3COMBINED,61205+PV1,60902+DERM,60372+LSPV1,60645+WJ21,60472+CPS1,60983+BWIND,60774+GEN1,60987+GEN1,60581+UCTX,60217+RKSP,60989+PV1
2050-01-16 00:00:00,,,,,,,,,,,,2.9999999999999997e-05,,,,,,,,,,,,0.003960000000000001,,,,,,,,,,,,,,,,,,,,,,,,,,,,0.0009900000000000002,0.0009900000000000002,0.00126,7.000000000000001e-05,,0.00136,0.0004,,,,,,,,,,,,,,,,,,,,,,,,,,,,,,,,,,,,,,,,,,,,,,,,,,,,,,,,,,,,,,,,,,,,,,,,,,,,,,,,,,,,,,,,,,,,,,,
2050-01-16 01:00:00,,,,,,,,,,,,2.9999999999999997e-05,,,,,,,,,,,,0.003960000000000001,,,,,,,,,,,,,,,,,,,,,,,,,,,,0.0009900000000000002,0.0009900000000000002,0.00126,7.000000000000001e-05,,0.00136,0.0004,,,,,,,,,,,,,,,,,,,,,,,,,,,,,,,,,,,,,,,,,,,,,,,,,,,,,,,,,,,,,,,,,,,,,,,,,,,,,,,,,,,,,,,,,,,,,,,
2050-01-16 02:00:00,,,,,,,,,,,,2.9999999999999997e-05,,,,,,,,,,,,0.003960000000000001,,,,,,,,,,,,,,,,,,,,,,,,,,,,0.0009900000000000002,0.0009900000000000002,0.00126,7.000000000000001e-05,,0.00136,0.0004,,,,,,,,,,,,,,,,,,,,,,,,,,,,,,,,,,,,,,,,,,,,,,,,,,,,,,,,,,,,,,,,,,,,,,,,,,,,,,,,,,,,,,,,,,,,,,,
2050-01-16 03:00:00,,,,,,,,,,,,2.9999999999999997e-05,,,,,,,,,,,,0.003960000000000001,,,,,,,,,,,,,,,,,,,,,,,,,,,,0.0009900000000000002,0.0009900000000000002,0.00126,7.000000000000001e-05,,0.00136,0.0004,,,,,,,,,,,,,,,,,,,,,,,,,,,,,,,,,,,,,,,,,,,,,,,,,,,,,,,,,,,,,,,,,,,,,,,,,,,,,,,,,,,,,,,,,,,,,,,
2050-01-16 04:00:00,,,,,,,,,,,,0.0,,,,,,,,,,,,0.0,,,,,,,,,,,,,,,,,,,,,,,,,,,,0.0009900000000000002,0.0,0.0,0.0,,0.0,0.0004,,,,,,,,,,,,,,,,,,,,,,,,,,,,,,,,,,,,,,,,,,,,,,,,,,,,,,,,,,,,,,,,,,,,,,,,,,,,,,,,,,,,,,,,,,,,,,,
2050-01-16 05:00:00,,,,,,,,,,,,0.0,,,,,,,,,,,,0.0,,,,,,,,,,,,,,,,,,,,,,,,,,,,0.0,0.0,0.0,0.0,,0.0,0.0004,,,,,,,,,,,,,,,,,,,,,,,,,,,,,,,,,,,,,,,,,,,,,,,,,,,,,,,,,,,,,,,,,,,,,,,,,,,,,,,,,,,,,,,,,,,,,,,
2050-01-16 06:00:00,,,,,,,,,,,,0.0,,,,,,,,,,,,0.0,,,,,,,,,,,,,,,,,,,,,,,,,,,,0.0,0.0,0.0,0.0,,0.0,0.0004,,,,,,,,,,,,,,,,,,,,,,,,,,,,,,,,,,,,,,,,,,,,,,,,,,,,,,,,,,,,,,,,,,,,,,,,,,,,,,,,,,,,,,,,,,,,,,,
2050-01-16 07:00:00,,,,,,,,,,,,0.0,,,,,,,,,,,,0.0,,,,,,,,,,,,,,,,,,,,,,,,,,,,0.0,0.0,0.0,0.0,,0.0,0.0,,,,,,,,,,,,,,,,,,,,,,,,,,,,,,,,,,,,,,,,,,,,,,,,,,,,,,,,,,,,,,,,,,,,,,,,,,,,,,,,,,,,,,,,,,,,,,,
2050-01-16 08:00:00,,,,,,,,,,,,0.0,,,,,,,,,,,,0.0,,,,,,,,,,,,,,,,,,,,,,,,,,,,0.0,0.0,0.0,0.0,,0.0,0.0,,,,,,,,,,,,,,,,,,,,,,,,,,,,,,,,,,,,,,,,,,,,,,,,,,,,,,,,,,,,,,,,,,,,,,,,,,,,,,,,,,,,,,,,,,,,,,,
2050-01-16 09:00:00,,,,,,,,,,,,0.0,,,,,,,,,,,,0.008910000000000001,,,,,,,,,,,,,,,,,,,,,,,,,,,,0.0,0.0,0.0,0.0,,0.0,0.0,,,,,,,,,,,,,,,,,,,,,,,,,,,,,,,,,,,,,,,,,,,,,,,,,,,,,,,,,,,,,,,,,,,,,,,,,,,,,,,,,,,,,,,,,,,,,,,
2050-01-16 10:00:00,,,,,,,,,,,,0.0,,,,,,,,,,,,0.01287,,,,,,,,,,,,,,,,,,,,,,,,,,,,0.0,0.0,0.0,0.0,,0.0,0.0,,,,,,,,,,,,,,,,,,,,,,,,,,,,,,,,,,,,,,,,,,,,,,,,,,,,,,,,,,,,,,,,,,,,,,,,,,,,,,,,,,,,,,,,,,,,,,,
2050-01-16 11:00:00,,,,,,,,,,,,0.0,,,,,,,,,,,,0.01287,,,,,,,,,,,,,,,,,,,,,,,,,,,,0.0,0.0,0.0,0.0,,0.0,0.0,,,,,,,,,,,,,,,,,,,,,,,,,,,,,,,,,,,,,,,,,,,,,,,,,,,,,,,,,,,,,,,,,,,,,,,,,,,,,,,,,,,,,,,,,,,,,,,
2050-01-16 12:00:00,,,,,,,,,,,,0.0003,,,,,,,,,,,,0.02178,,,,,,,,,,,,,,,,,,,,,,,,,,,,0.008910000000000001,0.008910000000000001,0.0126,0.0007,,0.0136,0.0036000000000000003,,,,,,,,,,,,,,,,,,,,,,,,,,,,,,,,,,,,,,,,,,,,,,,,,,,,,,,,,,,,,,,,,,,,,,,,,,,,,,,,,,,,,,,,,,,,,,,
2050-01-16 13:00:00,,,,,,,,,,,,0.0003,,,,,,,,,,,,0.030690000000000002,,,,,,,,,,,,,,,,,,,,,,,,,,,,0.0009899999999999996,0.0009899999999999996,0.0,0.0,,0.0,0.00039999999999999975,,,,,,,,,,,,,,,,,,,,,,,,,,,,,,,,,,,,,,,,,,,,,,,,,,,,,,,,,,,,,,,,,,,,,,,,,,,,,,,,,,,,,,,,,,,,,,,
2050-01-16 14:00:00,,,,,,,,,,,,0.0003,,,,,,,,,,,,0.030690000000000002,,,,,,,,,,,,,,,,,,,,,,,,,,,,0.0099,0.0099,0.0126,0.0007,,0.0136,0.004,,,,,,,,,,,,,,,,,,,,,,,,,,,,,,,,,,,,,,,,,,,,,,,,,,,,,,,,,,,,,,,,,,,,,,,,,,,,,,,,,,,,,,,,,,,,,,,
2050-01-16 15:00:00,,,,,,,,,,,,0.0003,,,,,,,,,,,,0.0396,,,,,,,,,,,,,,,,,,,,,,,,,,,,0.0099,0.0099,0.0126,0.0007,,0.0136,0.004,,,,,,,,,,,,,,,,,,,,,,,,,,,,,,,,,,,,,,,,,,,,,,,,,,,,,,,,,,,,,,,,,,,,,,,,,,,,,,,,,,,,,,,,,,,,,,,
2050-01-16 16:00:00,,,,,,,,,,,,0.0,,,,,,,,,,,,0.033,,,,,,,,,,,,,,,,,,,,,,,,,,,,0.0099,0.0099,0.0126,0.0007,,0.0136,0.004,,,,,,,,,,,,,,,,,,,,,,,,,,,,,,,,,,,,,,,,,,,,,,,,,,,,,,,,,,,,,,,,,,,,,,,,,,,,,,,,,,,,,,,,,,,,,,,
2050-01-16 17:00:00,,,,,,,,,,,,0.0,,,,,,,,,,,,0.033,,,,,,,,,,,,,,,,,,,,,,,,,,,,0.0,0.0099,0.0,0.0007,,0.0,0.004,,,,,,,,,,,,,,,,,,,,,,,,,,,,,,,,,,,,,,,,,,,,,,,,,,,,,,,,,,,,,,,,,,,,,,,,,,,,,,,,,,,,,,,,,,,,,,,
2050-01-16 18:00:00,,,,,,,,,,,,0.0,,,,,,,,,,,,0.022000000000000002,,,,,,,,,,,,,,,,,,,,,,,,,,,,0.0,0.0099,0.0,0.0007,,0.0,0.0,,,,,,,,,,,,,,,,,,,,,,,,,,,,,,,,,,,,,,,,,,,,,,,,,,,,,,,,,,,,,,,,,,,,,,,,,,,,,,,,,,,,,,,,,,,,,,,
2050-01-16 19:00:00,,,,,,,,,,,,0.0,,,,,,,,,,,,0.022000000000000002,,,,,,,,,,,,,,,,,,,,,,,,,,,,0.0,0.0,0.0,0.0007,,0.0,0.0,,,,,,,,,,,,,,,,,,,,,,,,,,,,,,,,,,,,,,,,,,,,,,,,,,,,,,,,,,,,,,,,,,,,,,,,,,,,,,,,,,,,,,,,,,,,,,,
2050-01-16 20:00:00,,,,,,,,,,,,0.0,,,,,,,,,,,,0.022000000000000002,,,,,,,,,,,,,,,,,,,,,,,,,,,,0.0,0.0,0.0,0.0007,,0.0,0.0,,,,,,,,,,,,,,,,,,,,,,,,,,,,,,,,,,,,,,,,,,,,,,,,,,,,,,,,,,,,,,,,,,,,,,,,,,,,,,,,,,,,,,,,,,,,,,,
2050-01-16 21:00:00,,,,,,,,,,,,0.0,,,,,,,,,,,,0.022000000000000002,,,,,,,,,,,,,,,,,,,,,,,,,,,,0.0,0.0,0.0,0.0007,,0.0,0.0,,,,,,,,,,,,,,,,,,,,,,,,,,,,,,,,,,,,,,,,,,,,,,,,,,,,,,,,,,,,,,,,,,,,,,,,,,,,,,,,,,,,,,,,,,,,,,,
2050-01-16 22:00:00,,,,,,,,,,,,0.0,,,,,,,,,,,,0.022000000000000002,,,,,,,,,,,,,,,,,,,,,,,,,,,,0.0,0.0,0.0,0.0007,,0.0,0.0,,,,,,,,,,,,,,,,,,,,,,,,,,,,,,,,,,,,,,,,,,,,,,,,,,,,,,,,,,,,,,,,,,,,,,,,,,,,,,,,,,,,,,,,,,,,,,,
2050-01-16 23:00:00,,,,,,,,,,,,0.0,,,,,,,,,,,,0.022000000000000002,,,,,,,,,,,,,,,,,,,,,,,,,,,,0.0,0.0,0.0,0.0007,,0.0,0.0,,,,,,,,,,,,,,,,,,,,,,,,,,,,,,,,,,,,,,,,,,,,,,,,,,,,,,,,,,,,,,,,,,,,,,,,,,,,,,,,,,,,,,,,,,,,,,,
2050-01-17 00:00:00,,,,,,,,,,,,0.0,,,,,,,,,,,,0.022000000000000002,,,,,,,,,,,,,,,,,,,,,,,,,,,,0.0,0.0,0.0,0.0007,,0.0,0.0,,,,,,,,,,,,,,,,,,,,,,,,,,,,,,,,,,,,,,,,,,,,,,,,,,,,,,,,,,,,,,,,,,,,,,,,,,,,,,,,,,,,,,,,,,,,,,,
2050-01-17 01:00:00,,,,,,,,,,,,0.0,,,,,,,,,,,,0.022000000000000002,,,,,,,,,,,,,,,,,,,,,,,,,,,,0.0,0.0,0.0,0.0007,,0.0,0.0,,,,,,,,,,,,,,,,,,,,,,,,,,,,,,,,,,,,,,,,,,,,,,,,,,,,,,,,,,,,,,,,,,,,,,,,,,,,,,,,,,,,,,,,,,,,,,,
2050-01-17 02:00:00,,,,,,,,,,,,0.0,,,,,,,,,,,,0.022000000000000002,,,,,,,,,,,,,,,,,,,,,,,,,,,,0.0,0.0,0.0,0.0007,,0.0,0.0,,,,,,,,,,,,,,,,,,,,,,,,,,,,,,,,,,,,,,,,,,,,,,,,,,,,,,,,,,,,,,,,,,,,,,,,,,,,,,,,,,,,,,,,,,,,,,,
2050-01-17 03:00:00,,,,,,,,,,,,0.0,,,,,,,,,,,,0.011000000000000001,,,,,,,,,,,,,,,,,,,,,,,,,,,,0.0,0.0,0.0,0.0007,,0.0,0.0,,,,,,,,,,,,,,,,,,,,,,,,,,,,,,,,,,,,,,,,,,,,,,,,,,,,,,,,,,,,,,,,,,,,,,,,,,,,,,,,,,,,,,,,,,,,,,,
2050-01-17 04:00:00,,,,,,,,,,,,0.0,,,,,,,,,,,,0.011000000000000001,,,,,,,,,,,,,,,,,,,,,,,,,,,,0.0,0.0,0.0,0.0007,,0.0,0.0,,,,,,,,,,,,,,,,,,,,,,,,,,,,,,,,,,,,,,,,,,,,,,,,,,,,,,,,,,,,,,,,,,,,,,,,,,,,,,,,,,,,,,,,,,,,,,,
2050-01-17 05:00:00,,,,,,,,,,,,0.0,,,,,,,,,,,,0.011000000000000001,,,,,,,,,,,,,,,,,,,,,,,,,,,,0.0,0.0,0.0,0.0007,,0.0,0.0,,,,,,,,,,,,,,,,,,,,,,,,,,,,,,,,,,,,,,,,,,,,,,,,,,,,,,,,,,,,,,,,,,,,,,,,,,,,,,,,,,,,,,,,,,,,,,,
2050-01-17 06:00:00,,,,,,,,,,,,0.0,,,,,,,,,,,,0.011000000000000001,,,,,,,,,,,,,,,,,,,,,,,,,,,,0.0,0.0,0.0,0.0007,,0.0,0.0,,,,,,,,,,,,,,,,,,,,,,,,,,,,,,,,,,,,,,,,,,,,,,,,,,,,,,,,,,,,,,,,,,,,,,,,,,,,,,,,,,,,,,,,,,,,,,,
2050-01-17 07:00:00,,,,,,,,,,,,0.0,,,,,,,,,,,,0.0,,,,,,,,,,,,,,,,,,,,,,,,,,,,0.0,0.0,0.0,0.0007,,0.0,0.0,,,,,,,,,,,,,,,,,,,,,,,,,,,,,,,,,,,,,,,,,,,,,,,,,,,,,,,,,,,,,,,,,,,,,,,,,,,,,,,,,,,,,,,,,,,,,,,
2050-01-17 08:00:00,,,,,,,,,,,,0.0,,,,,,,,,,,,0.0,,,,,,,,,,,,,,,,,,,,,,,,,,,,0.0,0.0,0.0,0.0,,0.0,0.0,,,,,,,,,,,,,,,,,,,,,,,,,,,,,,,,,,,,,,,,,,,,,,,,,,,,,,,,,,,,,,,,,,,,,,,,,,,,,,,,,,,,,,,,,,,,,,,
2050-01-17 09:00:00,,,,,,,,,,,,0.0,,,,,,,,,,,,0.0,,,,,,,,,,,,,,,,,,,,,,,,,,,,0.0,0.0,0.0,0.0,,0.0,0.0,,,,,,,,,,,,,,,,,,,,,,,,,,,,,,,,,,,,,,,,,,,,,,,,,,,,,,,,,,,,,,,,,,,,,,,,,,,,,,,,,,,,,,,,,,,,,,,
2050-01-17 10:00:00,,,,,,,,,,,,0.0003,,,,,,,,,,,,0.008910000000000001,,,,,,,,,,,,,,,,,,,,,,,,,,,,0.0,0.0,0.0,0.0,,0.0,0.0,,,,,,,,,,,,,,,,,,,,,,,,,,,,,,,,,,,,,,,,,,,,,,,,,,,,,,,,,,,,,,,,,,,,,,,,,,,,,,,,,,,,,,,,,,,,,,,
2050-01-17 11:00:00,,,,,,,,,,,,0.0003,,,,,,,,,,,,0.017820000000000003,,,,,,,,,,,,,,,,,,,,,,,,,,,,0.008910000000000001,0.0009899999999999996,0.0,0.0,,0.0,0.0036000000000000003,,,,,,,,,,,,,,,,,,,,,,,,,,,,,,,,,,,,,,,,,,,,,,,,,,,,,,,,,,,,,,,,,,,,,,,,,,,,,,,,,,,,,,,,,,,,,,,
2050-01-17 12:00:00,,,,,,,,,,,,0.0003,,,,,,,,,,,,0.026730000000000004,,,,,,,,,,,,,,,,,,,,,,,,,,,,0.0099,0.0009899999999999996,0.0,0.0,,0.0,0.004,,,,,,,,,,,,,,,,,,,,,,,,,,,,,,,,,,,,,,,,,,,,,,,,,,,,,,,,,,,,,,,,,,,,,,,,,,,,,,,,,,,,,,,,,,,,,,,
2050-01-17 13:00:00,,,,,,,,,,,,0.0003,,,,,,,,,,,,0.026730000000000004,,,,,,,,,,,,,,,,,,,,,,,,,,,,0.0099,0.0099,0.0,0.0,,0.0,0.004,,,,,,,,,,,,,,,,,,,,,,,,,,,,,,,,,,,,,,,,,,,,,,,,,,,,,,,,,,,,,,,,,,,,,,,,,,,,,,,,,,,,,,,,,,,,,,,
2050-01-17 14:00:00,,,,,,,,,,,,0.0003,,,,,,,,,,,,0.035640000000000005,,,,,,,,,,,,,,,,,,,,,,,,,,,,0.0099,0.0099,0.0,0.0007,,0.0,0.004,,,,,,,,,,,,,,,,,,,,,,,,,,,,,,,,,,,,,,,,,,,,,,,,,,,,,,,,,,,,,,,,,,,,,,,,,,,,,,,,,,,,,,,,,,,,,,,
2050-01-17 15:00:00,,,,,,,,,,,,0.0003,,,,,,,,,,,,0.035640000000000005,,,,,,,,,,,,,,,,,,,,,,,,,,,,0.0099,0.0099,0.0126,0.0007,,0.0,0.004,,,,,,,,,,,,,,,,,,,,,,,,,,,,,,,,,,,,,,,,,,,,,,,,,,,,,,,,,,,,,,,,,,,,,,,,,,,,,,,,,,,,,,,,,,,,,,,
2050-01-17 16:00:00,,,,,,,,,,,,0.0003,,,,,,,,,,,,0.0396,,,,,,,,,,,,,,,,,,,,,,,,,,,,0.0099,0.0099,0.0126,0.0007,,0.0136,0.004,,,,,,,,,,,,,,,,,,,,,,,,,,,,,,,,,,,,,,,,,,,,,,,,,,,,,,,,,,,,,,,,,,,,,,,,,,,,,,,,,,,,,,,,,,,,,,,
2050-01-17 17:00:00,,,,,,,,,,,,0.0003,,,,,,,,,,,,0.033,,,,,,,,,,,,,,,,,,,,,,,,,,,,0.0,0.0,0.0126,0.0,,0.0,0.0,,,,,,,,,,,,,,,,,,,,,,,,,,,,,,,,,,,,,,,,,,,,,,,,,,,,,,,,,,,,,,,,,,,,,,,,,,,,,,,,,,,,,,,,,,,,,,,
2050-01-17 18:00:00,,,,,,,,,,,,0.0003,,,,,,,,,,,,0.022000000000000002,,,,,,,,,,,,,,,,,,,,,,,,,,,,0.0,0.0,0.0126,0.0,,0.0,0.0,,,,,,,,,,,,,,,,,,,,,,,,,,,,,,,,,,,,,,,,,,,,,,,,,,,,,,,,,,,,,,,,,,,,,,,,,,,,,,,,,,,,,,,,,,,,,,,
2050-01-17 19:00:00,,,,,,,,,,,,0.0003,,,,,,,,,,,,0.022000000000000002,,,,,,,,,,,,,,,,,,,,,,,,,,,,0.0,0.0,0.0126,0.0,,0.0,0.0,,,,,,,,,,,,,,,,,,,,,,,,,,,,,,,,,,,,,,,,,,,,,,,,,,,,,,,,,,,,,,,,,,,,,,,,,,,,,,,,,,,,,,,,,,,,,,,
2050-01-17 20:00:00,,,,,,,,,,,,0.0003,,,,,,,,,,,,0.022000000000000002,,,,,,,,,,,,,,,,,,,,,,,,,,,,0.0,0.0,0.0126,0.0,,0.0,0.0,,,,,,,,,,,,,,,,,,,,,,,,,,,,,,,,,,,,,,,,,,,,,,,,,,,,,,,,,,,,,,,,,,,,,,,,,,,,,,,,,,,,,,,,,,,,,,,
2050-01-17 21:00:00,,,,,,,,,,,,0.0003,,,,,,,,,,,,0.011000000000000001,,,,,,,,,,,,,,,,,,,,,,,,,,,,0.0,0.0,0.0126,0.0,,0.0,0.0,,,,,,,,,,,,,,,,,,,,,,,,,,,,,,,,,,,,,,,,,,,,,,,,,,,,,,,,,,,,,,,,,,,,,,,,,,,,,,,,,,,,,,,,,,,,,,,
2050-01-17 22:00:00,,,,,,,,,,,,0.0003,,,,,,,,,,,,0.011000000000000001,,,,,,,,,,,,,,,,,,,,,,,,,,,,0.0,0.0,0.0126,0.0,,0.0,0.0,,,,,,,,,,,,,,,,,,,,,,,,,,,,,,,,,,,,,,,,,,,,,,,,,,,,,,,,,,,,,,,,,,,,,,,,,,,,,,,,,,,,,,,,,,,,,,,
2050-01-17 23:00:00,,,,,,,,,,,,0.0,,,,,,,,,,,,0.0,,,,,,,,,,,,,,,,,,,,,,,,,,,,0.0,0.0,0.0,0.0,,0.0,0.0,,,,,,,,,,,,,,,,,,,,,,,,,,,,,,,,,,,,,,,,,,,,,,,,,,,,,,,,,,,,,,,,,,,,,,,,,,,,,,,,,,,,,,,,,,,,,,,
2050-05-07 00:00:00,,,,,,,,,,,,2.9999999999999997e-05,,,,,,,,,,,,0.003960000000000001,,,,,,,,,,,,,,,,,,,,,,,,,,,,0.0009900000000000002,0.0009900000000000002,0.00126,7.000000000000001e-05,,0.00136,0.0004,,,,,,,,,,,,,,,,,,,,,,,,,,,,,,,,,,,,,,,,,,,,,,,,,,,,,,,,,,,,,,,,,,,,,,,,,,,,,,,,,,,,,,,,,,,,,,,
2050-05-07 01:00:00,,,,,,,,,,,,2.9999999999999997e-05,,,,,,,,,,,,0.003960000000000001,,,,,,,,,,,,,,,,,,,,,,,,,,,,0.0009900000000000002,0.0009900000000000002,0.00126,7.000000000000001e-05,,0.00136,0.0004,,,,,,,,,,,,,,,,,,,,,,,,,,,,,,,,,,,,,,,,,,,,,,,,,,,,,,,,,,,,,,,,,,,,,,,,,,,,,,,,,,,,,,,,,,,,,,,
2050-05-07 02:00:00,,,,,,,,,,,,2.9999999999999997e-05,,,,,,,,,,,,0.0,,,,,,,,,,,,,,,,,,,,,,,,,,,,0.0009900000000000002,0.0009900000000000002,0.00126,7.000000000000001e-05,,0.00136,0.0004,,,,,,,,,,,,,,,,,,,,,,,,,,,,,,,,,,,,,,,,,,,,,,,,,,,,,,,,,,,,,,,,,,,,,,,,,,,,,,,,,,,,,,,,,,,,,,,
2050-05-07 03:00:00,,,,,,,,,,,,2.9999999999999997e-05,,,,,,,,,,,,0.0,,,,,,,,,,,,,,,,,,,,,,,,,,,,0.0009900000000000002,0.0009900000000000002,0.0,7.000000000000001e-05,,0.0,0.0004,,,,,,,,,,,,,,,,,,,,,,,,,,,,,,,,,,,,,,,,,,,,,,,,,,,,,,,,,,,,,,,,,,,,,,,,,,,,,,,,,,,,,,,,,,,,,,,
2050-05-07 04:00:00,,,,,,,,,,,,0.0,,,,,,,,,,,,0.0,,,,,,,,,,,,,,,,,,,,,,,,,,,,0.0,0.0,0.0,0.0,,0.0,0.0004,,,,,,,,,,,,,,,,,,,,,,,,,,,,,,,,,,,,,,,,,,,,,,,,,,,,,,,,,,,,,,,,,,,,,,,,,,,,,,,,,,,,,,,,,,,,,,,
2050-05-07 05:00:00,,,,,,,,,,,,0.0,,,,,,,,,,,,0.0,,,,,,,,,,,,,,,,,,,,,,,,,,,,0.0,0.0,0.0,0.0,,0.0,0.0004,,,,,,,,,,,,,,,,,,,,,,,,,,,,,,,,,,,,,,,,,,,,,,,,,,,,,,,,,,,,,,,,,,,,,,,,,,,,,,,,,,,,,,,,,,,,,,,
2050-05-07 06:00:00,,,,,,,,,,,,0.0,,,,,,,,,,,,0.0,,,,,,,,,,,,,,,,,,,,,,,,,,,,0.0,0.0,0.0,0.0,,0.0,0.0,,,,,,,,,,,,,,,,,,,,,,,,,,,,,,,,,,,,,,,,,,,,,,,,,,,,,,,,,,,,,,,,,,,,,,,,,,,,,,,,,,,,,,,,,,,,,,,
2050-05-07 07:00:00,,,,,,,,,,,,0.0,,,,,,,,,,,,0.0,,,,,,,,,,,,,,,,,,,,,,,,,,,,0.0,0.0,0.0,0.0,,0.0,0.0,,,,,,,,,,,,,,,,,,,,,,,,,,,,,,,,,,,,,,,,,,,,,,,,,,,,,,,,,,,,,,,,,,,,,,,,,,,,,,,,,,,,,,,,,,,,,,,
2050-05-07 08:00:00,,,,,,,,,,,,0.0,,,,,,,,,,,,0.0,,,,,,,,,,,,,,,,,,,,,,,,,,,,0.0,0.0,0.0,0.0,,0.0,0.0,,,,,,,,,,,,,,,,,,,,,,,,,,,,,,,,,,,,,,,,,,,,,,,,,,,,,,,,,,,,,,,,,,,,,,,,,,,,,,,,,,,,,,,,,,,,,,,
2050-05-07 09:00:00,,,,,,,,,,,,0.0,,,,,,,,,,,,0.008910000000000001,,,,,,,,,,,,,,,,,,,,,,,,,,,,0.008910000000000001,0.008910000000000001,0.0,0.0007,,0.0,0.0,,,,,,,,,,,,,,,,,,,,,,,,,,,,,,,,,,,,,,,,,,,,,,,,,,,,,,,,,,,,,,,,,,,,,,,,,,,,,,,,,,,,,,,,,,,,,,,
2050-05-07 10:00:00,,,,,,,,,,,,0.0,,,,,,,,,,,,0.008910000000000001,,,,,,,,,,,,,,,,,,,,,,,,,,,,0.008910000000000001,0.008910000000000001,0.0126,0.0007,,0.0,0.00039999999999999975,,,,,,,,,,,,,,,,,,,,,,,,,,,,,,,,,,,,,,,,,,,,,,,,,,,,,,,,,,,,,,,,,,,,,,,,,,,,,,,,,,,,,,,,,,,,,,,
2050-05-07 11:00:00,,,,,,,,,,,,0.0,,,,,,,,,,,,0.01287,,,,,,,,,,,,,,,,,,,,,,,,,,,,0.0099,0.0099,0.0126,0.0007,,0.0,0.00039999999999999975,,,,,,,,,,,,,,,,,,,,,,,,,,,,,,,,,,,,,,,,,,,,,,,,,,,,,,,,,,,,,,,,,,,,,,,,,,,,,,,,,,,,,,,,,,,,,,,
2050-05-07 12:00:00,,,,,,,,,,,,0.0,,,,,,,,,,,,0.01287,,,,,,,,,,,,,,,,,,,,,,,,,,,,0.0099,0.0099,0.0126,0.0007,,0.0,0.00039999999999999975,,,,,,,,,,,,,,,,,,,,,,,,,,,,,,,,,,,,,,,,,,,,,,,,,,,,,,,,,,,,,,,,,,,,,,,,,,,,,,,,,,,,,,,,,,,,,,,
2050-05-07 13:00:00,,,,,,,,,,,,0.0,,,,,,,,,,,,0.01287,,,,,,,,,,,,,,,,,,,,,,,,,,,,0.0099,0.0099,0.0126,0.0007,,0.0,0.00039999999999999975,,,,,,,,,,,,,,,,,,,,,,,,,,,,,,,,,,,,,,,,,,,,,,,,,,,,,,,,,,,,,,,,,,,,,,,,,,,,,,,,,,,,,,,,,,,,,,,
2050-05-07 14:00:00,,,,,,,,,,,,0.0,,,,,,,,,,,,0.01287,,,,,,,,,,,,,,,,,,,,,,,,,,,,0.0099,0.0099,0.0126,0.0007,,0.0,0.00039999999999999975,,,,,,,,,,,,,,,,,,,,,,,,,,,,,,,,,,,,,,,,,,,,,,,,,,,,,,,,,,,,,,,,,,,,,,,,,,,,,,,,,,,,,,,,,,,,,,,
2050-05-07 15:00:00,,,,,,,,,,,,0.0,,,,,,,,,,,,0.02178,,,,,,,,,,,,,,,,,,,,,,,,,,,,0.0099,0.0099,0.0126,0.0007,,0.0,0.00039999999999999975,,,,,,,,,,,,,,,,,,,,,,,,,,,,,,,,,,,,,,,,,,,,,,,,,,,,,,,,,,,,,,,,,,,,,,,,,,,,,,,,,,,,,,,,,,,,,,,
2050-05-07 16:00:00,,,,,,,,,,,,0.0,,,,,,,,,,,,0.02178,,,,,,,,,,,,,,,,,,,,,,,,,,,,0.0099,0.0099,0.0126,0.0007,,0.0,0.00039999999999999975,,,,,,,,,,,,,,,,,,,,,,,,,,,,,,,,,,,,,,,,,,,,,,,,,,,,,,,,,,,,,,,,,,,,,,,,,,,,,,,,,,,,,,,,,,,,,,,
2050-05-07 17:00:00,,,,,,,,,,,,0.0,,,,,,,,,,,,0.02178,,,,,,,,,,,,,,,,,,,,,,,,,,,,0.0099,0.0099,0.0126,0.0007,,0.0,0.00039999999999999975,,,,,,,,,,,,,,,,,,,,,,,,,,,,,,,,,,,,,,,,,,,,,,,,,,,,,,,,,,,,,,,,,,,,,,,,,,,,,,,,,,,,,,,,,,,,,,,
2050-05-07 18:00:00,,,,,,,,,,,,0.0,,,,,,,,,,,,0.02178,,,,,,,,,,,,,,,,,,,,,,,,,,,,0.0099,0.0099,0.0126,0.0007,,0.0,0.00039999999999999975,,,,,,,,,,,,,,,,,,,,,,,,,,,,,,,,,,,,,,,,,,,,,,,,,,,,,,,,,,,,,,,,,,,,,,,,,,,,,,,,,,,,,,,,,,,,,,,
2050-05-07 19:00:00,,,,,,,,,,,,0.0,,,,,,,,,,,,0.02178,,,,,,,,,,,,,,,,,,,,,,,,,,,,0.0099,0.0099,0.0126,0.0007,,0.0,0.00039999999999999975,,,,,,,,,,,,,,,,,,,,,,,,,,,,,,,,,,,,,,,,,,,,,,,,,,,,,,,,,,,,,,,,,,,,,,,,,,,,,,,,,,,,,,,,,,,,,,,
2050-05-07 20:00:00,,,,,,,,,,,,0.0,,,,,,,,,,,,0.02178,,,,,,,,,,,,,,,,,,,,,,,,,,,,0.0099,0.0099,0.0126,0.0007,,0.0,0.00039999999999999975,,,,,,,,,,,,,,,,,,,,,,,,,,,,,,,,,,,,,,,,,,,,,,,,,,,,,,,,,,,,,,,,,,,,,,,,,,,,,,,,,,,,,,,,,,,,,,,
2050-05-07 21:00:00,,,,,,,,,,,,0.0,,,,,,,,,,,,0.02178,,,,,,,,,,,,,,,,,,,,,,,,,,,,0.0099,0.0099,0.0126,0.0007,,0.0,0.004,,,,,,,,,,,,,,,,,,,,,,,,,,,,,,,,,,,,,,,,,,,,,,,,,,,,,,,,,,,,,,,,,,,,,,,,,,,,,,,,,,,,,,,,,,,,,,,
2050-05-07 22:00:00,,,,,,,,,,,,0.0,,,,,,,,,,,,0.02178,,,,,,,,,,,,,,,,,,,,,,,,,,,,0.0099,0.0099,0.0126,0.0007,,0.0,0.004,,,,,,,,,,,,,,,,,,,,,,,,,,,,,,,,,,,,,,,,,,,,,,,,,,,,,,,,,,,,,,,,,,,,,,,,,,,,,,,,,,,,,,,,,,,,,,,
2050-05-07 23:00:00,,,,,,,,,,,,0.0,,,,,,,,,,,,0.02178,,,,,,,,,,,,,,,,,,,,,,,,,,,,0.0099,0.0099,0.0126,0.0007,,0.0,0.004,,,,,,,,,,,,,,,,,,,,,,,,,,,,,,,,,,,,,,,,,,,,,,,,,,,,,,,,,,,,,,,,,,,,,,,,,,,,,,,,,,,,,,,,,,,,,,,
2050-05-08 00:00:00,,,,,,,,,,,,0.0,,,,,,,,,,,,0.02178,,,,,,,,,,,,,,,,,,,,,,,,,,,,0.0099,0.0099,0.0126,0.0007,,0.0,0.004,,,,,,,,,,,,,,,,,,,,,,,,,,,,,,,,,,,,,,,,,,,,,,,,,,,,,,,,,,,,,,,,,,,,,,,,,,,,,,,,,,,,,,,,,,,,,,,
2050-05-08 01:00:00,,,,,,,,,,,,0.0,,,,,,,,,,,,0.02178,,,,,,,,,,,,,,,,,,,,,,,,,,,,0.0099,0.0099,0.0126,0.0007,,0.0,0.004,,,,,,,,,,,,,,,,,,,,,,,,,,,,,,,,,,,,,,,,,,,,,,,,,,,,,,,,,,,,,,,,,,,,,,,,,,,,,,,,,,,,,,,,,,,,,,,
2050-05-08 02:00:00,,,,,,,,,,,,0.0,,,,,,,,,,,,0.02178,,,,,,,,,,,,,,,,,,,,,,,,,,,,0.0099,0.0099,0.0126,0.0007,,0.0,0.004,,,,,,,,,,,,,,,,,,,,,,,,,,,,,,,,,,,,,,,,,,,,,,,,,,,,,,,,,,,,,,,,,,,,,,,,,,,,,,,,,,,,,,,,,,,,,,,
2050-05-08 03:00:00,,,,,,,,,,,,0.0,,,,,,,,,,,,0.02178,,,,,,,,,,,,,,,,,,,,,,,,,,,,0.0099,0.0099,0.0126,0.0007,,0.0,0.004,,,,,,,,,,,,,,,,,,,,,,,,,,,,,,,,,,,,,,,,,,,,,,,,,,,,,,,,,,,,,,,,,,,,,,,,,,,,,,,,,,,,,,,,,,,,,,,
2050-05-08 04:00:00,,,,,,,,,,,,0.0,,,,,,,,,,,,0.02178,,,,,,,,,,,,,,,,,,,,,,,,,,,,0.0099,0.0099,0.0126,0.0007,,0.0,0.004,,,,,,,,,,,,,,,,,,,,,,,,,,,,,,,,,,,,,,,,,,,,,,,,,,,,,,,,,,,,,,,,,,,,,,,,,,,,,,,,,,,,,,,,,,,,,,,
2050-05-08 05:00:00,,,,,,,,,,,,0.0,,,,,,,,,,,,0.02178,,,,,,,,,,,,,,,,,,,,,,,,,,,,0.0099,0.0099,0.0126,0.0007,,0.0,0.004,,,,,,,,,,,,,,,,,,,,,,,,,,,,,,,,,,,,,,,,,,,,,,,,,,,,,,,,,,,,,,,,,,,,,,,,,,,,,,,,,,,,,,,,,,,,,,,
2050-05-08 06:00:00,,,,,,,,,,,,0.0,,,,,,,,,,,,0.02178,,,,,,,,,,,,,,,,,,,,,,,,,,,,0.0099,0.0099,0.0126,0.0007,,0.0,0.004,,,,,,,,,,,,,,,,,,,,,,,,,,,,,,,,,,,,,,,,,,,,,,,,,,,,,,,,,,,,,,,,,,,,,,,,,,,,,,,,,,,,,,,,,,,,,,,
2050-05-08 07:00:00,,,,,,,,,,,,0.0,,,,,,,,,,,,0.02178,,,,,,,,,,,,,,,,,,,,,,,,,,,,0.0099,0.0099,0.0126,0.0007,,0.0,0.004,,,,,,,,,,,,,,,,,,,,,,,,,,,,,,,,,,,,,,,,,,,,,,,,,,,,,,,,,,,,,,,,,,,,,,,,,,,,,,,,,,,,,,,,,,,,,,,
2050-05-08 08:00:00,,,,,,,,,,,,0.0,,,,,,,,,,,,0.02178,,,,,,,,,,,,,,,,,,,,,,,,,,,,0.0099,0.0099,0.0126,0.0007,,0.0,0.004,,,,,,,,,,,,,,,,,,,,,,,,,,,,,,,,,,,,,,,,,,,,,,,,,,,,,,,,,,,,,,,,,,,,,,,,,,,,,,,,,,,,,,,,,,,,,,,
2050-05-08 09:00:00,,,,,,,,,,,,0.0003,,,,,,,,,,,,0.030690000000000002,,,,,,,,,,,,,,,,,,,,,,,,,,,,0.0099,0.0099,0.0126,0.0007,,0.0,0.004,,,,,,,,,,,,,,,,,,,,,,,,,,,,,,,,,,,,,,,,,,,,,,,,,,,,,,,,,,,,,,,,,,,,,,,,,,,,,,,,,,,,,,,,,,,,,,,
2050-05-08 10:00:00,,,,,,,,,,,,0.0003,,,,,,,,,,,,0.030690000000000002,,,,,,,,,,,,,,,,,,,,,,,,,,,,0.0099,0.0099,0.0126,0.0007,,0.0,0.004,,,,,,,,,,,,,,,,,,,,,,,,,,,,,,,,,,,,,,,,,,,,,,,,,,,,,,,,,,,,,,,,,,,,,,,,,,,,,,,,,,,,,,,,,,,,,,,
2050-05-08 11:00:00,,,,,,,,,,,,0.0003,,,,,,,,,,,,0.0396,,,,,,,,,,,,,,,,,,,,,,,,,,,,0.0099,0.0099,0.0126,0.0007,,0.0136,0.004,,,,,,,,,,,,,,,,,,,,,,,,,,,,,,,,,,,,,,,,,,,,,,,,,,,,,,,,,,,,,,,,,,,,,,,,,,,,,,,,,,,,,,,,,,,,,,,
2050-05-08 12:00:00,,,,,,,,,,,,0.0003,,,,,,,,,,,,0.0396,,,,,,,,,,,,,,,,,,,,,,,,,,,,0.0099,0.0099,0.0126,0.0007,,0.0136,0.004,,,,,,,,,,,,,,,,,,,,,,,,,,,,,,,,,,,,,,,,,,,,,,,,,,,,,,,,,,,,,,,,,,,,,,,,,,,,,,,,,,,,,,,,,,,,,,,
2050-05-08 13:00:00,,,,,,,,,,,,0.0003,,,,,,,,,,,,0.0396,,,,,,,,,,,,,,,,,,,,,,,,,,,,0.0099,0.0099,0.0126,0.0007,,0.0136,0.004,,,,,,,,,,,,,,,,,,,,,,,,,,,,,,,,,,,,,,,,,,,,,,,,,,,,,,,,,,,,,,,,,,,,,,,,,,,,,,,,,,,,,,,,,,,,,,,
2050-05-08 14:00:00,,,,,,,,,,,,0.0003,,,,,,,,,,,,0.0396,,,,,,,,,,,,,,,,,,,,,,,,,,,,0.0099,0.0099,0.0126,0.0007,,0.0136,0.004,,,,,,,,,,,,,,,,,,,,,,,,,,,,,,,,,,,,,,,,,,,,,,,,,,,,,,,,,,,,,,,,,,,,,,,,,,,,,,,,,,,,,,,,,,,,,,,
2050-05-08 15:00:00,,,,,,,,,,,,0.0003,,,,,,,,,,,,0.0286,,,,,,,,,,,,,,,,,,,,,,,,,,,,0.0,0.0,0.0,0.0,,0.0,0.004,,,,,,,,,,,,,,,,,,,,,,,,,,,,,,,,,,,,,,,,,,,,,,,,,,,,,,,,,,,,,,,,,,,,,,,,,,,,,,,,,,,,,,,,,,,,,,,
2050-05-08 16:00:00,,,,,,,,,,,,0.0003,,,,,,,,,,,,0.0286,,,,,,,,,,,,,,,,,,,,,,,,,,,,0.0,0.0,0.0,0.0,,0.0,0.0,,,,,,,,,,,,,,,,,,,,,,,,,,,,,,,,,,,,,,,,,,,,,,,,,,,,,,,,,,,,,,,,,,,,,,,,,,,,,,,,,,,,,,,,,,,,,,,
2050-05-08 17:00:00,,,,,,,,,,,,0.0003,,,,,,,,,,,,0.022000000000000002,,,,,,,,,,,,,,,,,,,,,,,,,,,,0.0,0.0,0.0,0.0,,0.0,0.0,,,,,,,,,,,,,,,,,,,,,,,,,,,,,,,,,,,,,,,,,,,,,,,,,,,,,,,,,,,,,,,,,,,,,,,,,,,,,,,,,,,,,,,,,,,,,,,
2050-05-08 18:00:00,,,,,,,,,,,,0.0003,,,,,,,,,,,,0.022000000000000002,,,,,,,,,,,,,,,,,,,,,,,,,,,,0.0,0.0,0.0,0.0,,0.0,0.0,,,,,,,,,,,,,,,,,,,,,,,,,,,,,,,,,,,,,,,,,,,,,,,,,,,,,,,,,,,,,,,,,,,,,,,,,,,,,,,,,,,,,,,,,,,,,,,
2050-05-08 19:00:00,,,,,,,,,,,,0.0003,,,,,,,,,,,,0.022000000000000002,,,,,,,,,,,,,,,,,,,,,,,,,,,,0.0,0.0,0.0,0.0,,0.0,0.0,,,,,,,,,,,,,,,,,,,,,,,,,,,,,,,,,,,,,,,,,,,,,,,,,,,,,,,,,,,,,,,,,,,,,,,,,,,,,,,,,,,,,,,,,,,,,,,
2050-05-08 20:00:00,,,,,,,,,,,,0.0003,,,,,,,,,,,,0.011000000000000001,,,,,,,,,,,,,,,,,,,,,,,,,,,,0.0,0.0,0.0,0.0,,0.0,0.0,,,,,,,,,,,,,,,,,,,,,,,,,,,,,,,,,,,,,,,,,,,,,,,,,,,,,,,,,,,,,,,,,,,,,,,,,,,,,,,,,,,,,,,,,,,,,,,
2050-05-08 21:00:00,,,,,,,,,,,,0.0003,,,,,,,,,,,,0.011000000000000001,,,,,,,,,,,,,,,,,,,,,,,,,,,,0.0,0.0,0.0,0.0,,0.0,0.0,,,,,,,,,,,,,,,,,,,,,,,,,,,,,,,,,,,,,,,,,,,,,,,,,,,,,,,,,,,,,,,,,,,,,,,,,,,,,,,,,,,,,,,,,,,,,,,
2050-05-08 22:00:00,,,,,,,,,,,,0.0003,,,,,,,,,,,,0.0,,,,,,,,,,,,,,,,,,,,,,,,,,,,0.0,0.0,0.0,0.0,,0.0,0.0,,,,,,,,,,,,,,,,,,,,,,,,,,,,,,,,,,,,,,,,,,,,,,,,,,,,,,,,,,,,,,,,,,,,,,,,,,,,,,,,,,,,,,,,,,,,,,,
2050-05-08 23:00:00,,,,,,,,,,,,0.0,,,,,,,,,,,,0.0,,,,,,,,,,,,,,,,,,,,,,,,,,,,0.0,0.0,0.0,0.0,,0.0,0.0,,,,,,,,,,,,,,,,,,,,,,,,,,,,,,,,,,,,,,,,,,,,,,,,,,,,,,,,,,,,,,,,,,,,,,,,,,,,,,,,,,,,,,,,,,,,,,,
2050-06-26 00:00:00,,,,,,,,,,,,2.9999999999999997e-05,,,,,,,,,,,,0.003960000000000001,,,,,,,,,,,,,,,,,,,,,,,,,,,,0.0009900000000000002,0.0009900000000000002,0.00126,7.000000000000001e-05,,0.00136,0.0004,,,,,,,,,,,,,,,,,,,,,,,,,,,,,,,,,,,,,,,,,,,,,,,,,,,,,,,,,,,,,,,,,,,,,,,,,,,,,,,,,,,,,,,,,,,,,,,
2050-06-26 01:00:00,,,,,,,,,,,,2.9999999999999997e-05,,,,,,,,,,,,0.003960000000000001,,,,,,,,,,,,,,,,,,,,,,,,,,,,0.0009900000000000002,0.0009900000000000002,0.00126,7.000000000000001e-05,,0.00136,0.0004,,,,,,,,,,,,,,,,,,,,,,,,,,,,,,,,,,,,,,,,,,,,,,,,,,,,,,,,,,,,,,,,,,,,,,,,,,,,,,,,,,,,,,,,,,,,,,,
2050-06-26 02:00:00,,,,,,,,,,,,2.9999999999999997e-05,,,,,,,,,,,,0.003960000000000001,,,,,,,,,,,,,,,,,,,,,,,,,,,,0.0009900000000000002,0.0009900000000000002,0.00126,7.000000000000001e-05,,0.00136,0.0004,,,,,,,,,,,,,,,,,,,,,,,,,,,,,,,,,,,,,,,,,,,,,,,,,,,,,,,,,,,,,,,,,,,,,,,,,,,,,,,,,,,,,,,,,,,,,,,
2050-06-26 03:00:00,,,,,,,,,,,,2.9999999999999997e-05,,,,,,,,,,,,0.003960000000000001,,,,,,,,,,,,,,,,,,,,,,,,,,,,0.0009900000000000002,0.0009900000000000002,0.00126,7.000000000000001e-05,,0.00136,0.0004,,,,,,,,,,,,,,,,,,,,,,,,,,,,,,,,,,,,,,,,,,,,,,,,,,,,,,,,,,,,,,,,,,,,,,,,,,,,,,,,,,,,,,,,,,,,,,,
2050-06-26 04:00:00,,,,,,,,,,,,0.0,,,,,,,,,,,,0.0,,,,,,,,,,,,,,,,,,,,,,,,,,,,0.0009900000000000002,0.0009900000000000002,0.00126,0.0,,0.00136,0.0004,,,,,,,,,,,,,,,,,,,,,,,,,,,,,,,,,,,,,,,,,,,,,,,,,,,,,,,,,,,,,,,,,,,,,,,,,,,,,,,,,,,,,,,,,,,,,,,
2050-06-26 05:00:00,,,,,,,,,,,,0.0,,,,,,,,,,,,0.0,,,,,,,,,,,,,,,,,,,,,,,,,,,,0.0009900000000000002,0.0009900000000000002,0.00126,0.0,,0.00136,0.0004,,,,,,,,,,,,,,,,,,,,,,,,,,,,,,,,,,,,,,,,,,,,,,,,,,,,,,,,,,,,,,,,,,,,,,,,,,,,,,,,,,,,,,,,,,,,,,,
2050-06-26 06:00:00,,,,,,,,,,,,0.0,,,,,,,,,,,,0.0,,,,,,,,,,,,,,,,,,,,,,,,,,,,0.0009900000000000002,0.0009900000000000002,0.00126,0.0,,0.00136,0.0004,,,,,,,,,,,,,,,,,,,,,,,,,,,,,,,,,,,,,,,,,,,,,,,,,,,,,,,,,,,,,,,,,,,,,,,,,,,,,,,,,,,,,,,,,,,,,,,
2050-06-26 07:00:00,,,,,,,,,,,,0.0,,,,,,,,,,,,0.0,,,,,,,,,,,,,,,,,,,,,,,,,,,,0.0009900000000000002,0.0009900000000000002,0.00126,0.0,,0.00136,0.0004,,,,,,,,,,,,,,,,,,,,,,,,,,,,,,,,,,,,,,,,,,,,,,,,,,,,,,,,,,,,,,,,,,,,,,,,,,,,,,,,,,,,,,,,,,,,,,,
2050-06-26 08:00:00,,,,,,,,,,,,0.0,,,,,,,,,,,,0.0,,,,,,,,,,,,,,,,,,,,,,,,,,,,0.0009900000000000002,0.0009900000000000002,0.00126,0.0,,0.00136,0.0004,,,,,,,,,,,,,,,,,,,,,,,,,,,,,,,,,,,,,,,,,,,,,,,,,,,,,,,,,,,,,,,,,,,,,,,,,,,,,,,,,,,,,,,,,,,,,,,
2050-06-26 09:00:00,,,,,,,,,,,,0.0,,,,,,,,,,,,0.008910000000000001,,,,,,,,,,,,,,,,,,,,,,,,,,,,0.0009900000000000002,0.0009900000000000002,0.00126,0.0,,0.00136,0.0004,,,,,,,,,,,,,,,,,,,,,,,,,,,,,,,,,,,,,,,,,,,,,,,,,,,,,,,,,,,,,,,,,,,,,,,,,,,,,,,,,,,,,,,,,,,,,,,
2050-06-26 10:00:00,,,,,,,,,,,,0.0,,,,,,,,,,,,0.017820000000000003,,,,,,,,,,,,,,,,,,,,,,,,,,,,0.0009900000000000002,0.0009900000000000002,0.00126,0.0,,0.00136,0.0004,,,,,,,,,,,,,,,,,,,,,,,,,,,,,,,,,,,,,,,,,,,,,,,,,,,,,,,,,,,,,,,,,,,,,,,,,,,,,,,,,,,,,,,,,,,,,,,
2050-06-26 11:00:00,,,,,,,,,,,,0.0,,,,,,,,,,,,0.017820000000000003,,,,,,,,,,,,,,,,,,,,,,,,,,,,0.0009900000000000002,0.0009900000000000002,0.00126,0.0,,0.00136,0.0004,,,,,,,,,,,,,,,,,,,,,,,,,,,,,,,,,,,,,,,,,,,,,,,,,,,,,,,,,,,,,,,,,,,,,,,,,,,,,,,,,,,,,,,,,,,,,,,
2050-06-26 12:00:00,,,,,,,,,,,,0.0003,,,,,,,,,,,,0.017820000000000003,,,,,,,,,,,,,,,,,,,,,,,,,,,,0.0009900000000000002,0.0009900000000000002,0.00126,0.0,,0.00136,0.0004,,,,,,,,,,,,,,,,,,,,,,,,,,,,,,,,,,,,,,,,,,,,,,,,,,,,,,,,,,,,,,,,,,,,,,,,,,,,,,,,,,,,,,,,,,,,,,,
2050-06-26 13:00:00,,,,,,,,,,,,0.0003,,,,,,,,,,,,0.017820000000000003,,,,,,,,,,,,,,,,,,,,,,,,,,,,0.0009900000000000002,0.0009900000000000002,0.00126,0.0,,0.00136,0.0004,,,,,,,,,,,,,,,,,,,,,,,,,,,,,,,,,,,,,,,,,,,,,,,,,,,,,,,,,,,,,,,,,,,,,,,,,,,,,,,,,,,,,,,,,,,,,,,
2050-06-26 14:00:00,,,,,,,,,,,,0.0003,,,,,,,,,,,,0.013090000000000001,,,,,,,,,,,,,,,,,,,,,,,,,,,,0.0009900000000000002,0.0009900000000000002,0.00126,0.0,,0.00136,0.0004,,,,,,,,,,,,,,,,,,,,,,,,,,,,,,,,,,,,,,,,,,,,,,,,,,,,,,,,,,,,,,,,,,,,,,,,,,,,,,,,,,,,,,,,,,,,,,,
2050-06-26 15:00:00,,,,,,,,,,,,0.0,,,,,,,,,,,,0.013090000000000001,,,,,,,,,,,,,,,,,,,,,,,,,,,,0.0009900000000000002,0.0009900000000000002,0.00126,0.0,,0.00136,0.0004,,,,,,,,,,,,,,,,,,,,,,,,,,,,,,,,,,,,,,,,,,,,,,,,,,,,,,,,,,,,,,,,,,,,,,,,,,,,,,,,,,,,,,,,,,,,,,,
2050-06-26 16:00:00,,,,,,,,,,,,0.0,,,,,,,,,,,,0.013090000000000001,,,,,,,,,,,,,,,,,,,,,,,,,,,,0.0009900000000000002,0.0009900000000000002,0.00126,0.0,,0.00136,0.0004,,,,,,,,,,,,,,,,,,,,,,,,,,,,,,,,,,,,,,,,,,,,,,,,,,,,,,,,,,,,,,,,,,,,,,,,,,,,,,,,,,,,,,,,,,,,,,,
2050-06-26 17:00:00,,,,,,,,,,,,0.0,,,,,,,,,,,,0.013090000000000001,,,,,,,,,,,,,,,,,,,,,,,,,,,,0.0009900000000000002,0.0009900000000000002,0.00126,0.0,,0.00136,0.0004,,,,,,,,,,,,,,,,,,,,,,,,,,,,,,,,,,,,,,,,,,,,,,,,,,,,,,,,,,,,,,,,,,,,,,,,,,,,,,,,,,,,,,,,,,,,,,,
2050-06-26 18:00:00,,,,,,,,,,,,0.0,,,,,,,,,,,,0.013090000000000001,,,,,,,,,,,,,,,,,,,,,,,,,,,,0.0009900000000000002,0.0009900000000000002,0.00126,0.0,,0.00136,0.0004,,,,,,,,,,,,,,,,,,,,,,,,,,,,,,,,,,,,,,,,,,,,,,,,,,,,,,,,,,,,,,,,,,,,,,,,,,,,,,,,,,,,,,,,,,,,,,,
2050-06-26 19:00:00,,,,,,,,,,,,0.0,,,,,,,,,,,,0.013090000000000001,,,,,,,,,,,,,,,,,,,,,,,,,,,,0.0009900000000000002,0.0009900000000000002,0.00126,0.0,,0.00136,0.0004,,,,,,,,,,,,,,,,,,,,,,,,,,,,,,,,,,,,,,,,,,,,,,,,,,,,,,,,,,,,,,,,,,,,,,,,,,,,,,,,,,,,,,,,,,,,,,,
2050-06-26 20:00:00,,,,,,,,,,,,0.0,,,,,,,,,,,,0.013090000000000001,,,,,,,,,,,,,,,,,,,,,,,,,,,,0.0009900000000000002,0.0009900000000000002,0.00126,0.0,,0.00136,0.0004,,,,,,,,,,,,,,,,,,,,,,,,,,,,,,,,,,,,,,,,,,,,,,,,,,,,,,,,,,,,,,,,,,,,,,,,,,,,,,,,,,,,,,,,,,,,,,,
2050-06-26 21:00:00,,,,,,,,,,,,0.0,,,,,,,,,,,,0.013090000000000001,,,,,,,,,,,,,,,,,,,,,,,,,,,,0.0009900000000000002,0.0009900000000000002,0.00126,0.0,,0.00136,0.0004,,,,,,,,,,,,,,,,,,,,,,,,,,,,,,,,,,,,,,,,,,,,,,,,,,,,,,,,,,,,,,,,,,,,,,,,,,,,,,,,,,,,,,,,,,,,,,,
2050-06-26 22:00:00,,,,,,,,,,,,0.0,,,,,,,,,,,,0.013090000000000001,,,,,,,,,,,,,,,,,,,,,,,,,,,,0.0009900000000000002,0.0009900000000000002,0.00126,0.0,,0.00136,0.0004,,,,,,,,,,,,,,,,,,,,,,,,,,,,,,,,,,,,,,,,,,,,,,,,,,,,,,,,,,,,,,,,,,,,,,,,,,,,,,,,,,,,,,,,,,,,,,,
2050-06-26 23:00:00,,,,,,,,,,,,0.0,,,,,,,,,,,,0.013090000000000001,,,,,,,,,,,,,,,,,,,,,,,,,,,,0.0009900000000000002,0.0009900000000000002,0.00126,0.0,,0.00136,0.0004,,,,,,,,,,,,,,,,,,,,,,,,,,,,,,,,,,,,,,,,,,,,,,,,,,,,,,,,,,,,,,,,,,,,,,,,,,,,,,,,,,,,,,,,,,,,,,,
2050-06-27 00:00:00,,,,,,,,,,,,0.0,,,,,,,,,,,,0.013090000000000001,,,,,,,,,,,,,,,,,,,,,,,,,,,,0.0009900000000000002,0.0009900000000000002,0.00126,0.0,,0.00136,0.0004,,,,,,,,,,,,,,,,,,,,,,,,,,,,,,,,,,,,,,,,,,,,,,,,,,,,,,,,,,,,,,,,,,,,,,,,,,,,,,,,,,,,,,,,,,,,,,,
2050-06-27 01:00:00,,,,,,,,,,,,0.0,,,,,,,,,,,,0.013090000000000001,,,,,,,,,,,,,,,,,,,,,,,,,,,,0.0009900000000000002,0.0009900000000000002,0.00126,0.0,,0.00136,0.0004,,,,,,,,,,,,,,,,,,,,,,,,,,,,,,,,,,,,,,,,,,,,,,,,,,,,,,,,,,,,,,,,,,,,,,,,,,,,,,,,,,,,,,,,,,,,,,,
2050-06-27 02:00:00,,,,,,,,,,,,0.0,,,,,,,,,,,,0.013090000000000001,,,,,,,,,,,,,,,,,,,,,,,,,,,,0.0009900000000000002,0.0009900000000000002,0.00126,0.0,,0.00136,0.0004,,,,,,,,,,,,,,,,,,,,,,,,,,,,,,,,,,,,,,,,,,,,,,,,,,,,,,,,,,,,,,,,,,,,,,,,,,,,,,,,,,,,,,,,,,,,,,,
2050-06-27 03:00:00,,,,,,,,,,,,0.0,,,,,,,,,,,,0.013090000000000001,,,,,,,,,,,,,,,,,,,,,,,,,,,,0.0009900000000000002,0.0009900000000000002,0.00126,0.0,,0.00136,0.0004,,,,,,,,,,,,,,,,,,,,,,,,,,,,,,,,,,,,,,,,,,,,,,,,,,,,,,,,,,,,,,,,,,,,,,,,,,,,,,,,,,,,,,,,,,,,,,,
2050-06-27 04:00:00,,,,,,,,,,,,0.0,,,,,,,,,,,,0.013090000000000001,,,,,,,,,,,,,,,,,,,,,,,,,,,,0.0009900000000000002,0.0009900000000000002,0.00126,0.0,,0.00136,0.0004,,,,,,,,,,,,,,,,,,,,,,,,,,,,,,,,,,,,,,,,,,,,,,,,,,,,,,,,,,,,,,,,,,,,,,,,,,,,,,,,,,,,,,,,,,,,,,,
2050-06-27 05:00:00,,,,,,,,,,,,0.0,,,,,,,,,,,,0.013090000000000001,,,,,,,,,,,,,,,,,,,,,,,,,,,,0.0009900000000000002,0.0009900000000000002,0.00126,0.0,,0.00136,0.0004,,,,,,,,,,,,,,,,,,,,,,,,,,,,,,,,,,,,,,,,,,,,,,,,,,,,,,,,,,,,,,,,,,,,,,,,,,,,,,,,,,,,,,,,,,,,,,,
2050-06-27 06:00:00,,,,,,,,,,,,0.0,,,,,,,,,,,,0.013090000000000001,,,,,,,,,,,,,,,,,,,,,,,,,,,,0.0009900000000000002,0.0009900000000000002,0.00126,0.0,,0.00136,0.0004,,,,,,,,,,,,,,,,,,,,,,,,,,,,,,,,,,,,,,,,,,,,,,,,,,,,,,,,,,,,,,,,,,,,,,,,,,,,,,,,,,,,,,,,,,,,,,,
2050-06-27 07:00:00,,,,,,,,,,,,0.0,,,,,,,,,,,,0.013090000000000001,,,,,,,,,,,,,,,,,,,,,,,,,,,,0.0009900000000000002,0.0009900000000000002,0.00126,0.0,,0.00136,0.0004,,,,,,,,,,,,,,,,,,,,,,,,,,,,,,,,,,,,,,,,,,,,,,,,,,,,,,,,,,,,,,,,,,,,,,,,,,,,,,,,,,,,,,,,,,,,,,,
2050-06-27 08:00:00,,,,,,,,,,,,0.0,,,,,,,,,,,,0.013090000000000001,,,,,,,,,,,,,,,,,,,,,,,,,,,,0.0009900000000000002,0.0009900000000000002,0.00126,0.0,,0.00136,0.0004,,,,,,,,,,,,,,,,,,,,,,,,,,,,,,,,,,,,,,,,,,,,,,,,,,,,,,,,,,,,,,,,,,,,,,,,,,,,,,,,,,,,,,,,,,,,,,,
2050-06-27 09:00:00,,,,,,,,,,,,0.0003,,,,,,,,,,,,0.022000000000000002,,,,,,,,,,,,,,,,,,,,,,,,,,,,0.0009900000000000002,0.0009900000000000002,0.00126,0.0,,0.00136,0.0004,,,,,,,,,,,,,,,,,,,,,,,,,,,,,,,,,,,,,,,,,,,,,,,,,,,,,,,,,,,,,,,,,,,,,,,,,,,,,,,,,,,,,,,,,,,,,,,
2050-06-27 10:00:00,,,,,,,,,,,,0.0003,,,,,,,,,,,,0.022000000000000002,,,,,,,,,,,,,,,,,,,,,,,,,,,,0.0009900000000000002,0.0009900000000000002,0.00126,0.0,,0.00136,0.0004,,,,,,,,,,,,,,,,,,,,,,,,,,,,,,,,,,,,,,,,,,,,,,,,,,,,,,,,,,,,,,,,,,,,,,,,,,,,,,,,,,,,,,,,,,,,,,,
2050-06-27 11:00:00,,,,,,,,,,,,0.0003,,,,,,,,,,,,0.022000000000000002,,,,,,,,,,,,,,,,,,,,,,,,,,,,0.0009900000000000002,0.0009900000000000002,0.00126,0.0,,0.00136,0.0004,,,,,,,,,,,,,,,,,,,,,,,,,,,,,,,,,,,,,,,,,,,,,,,,,,,,,,,,,,,,,,,,,,,,,,,,,,,,,,,,,,,,,,,,,,,,,,,
2050-06-27 12:00:00,,,,,,,,,,,,0.0003,,,,,,,,,,,,0.022000000000000002,,,,,,,,,,,,,,,,,,,,,,,,,,,,0.0009900000000000002,0.0009900000000000002,0.00126,0.0,,0.00136,0.0004,,,,,,,,,,,,,,,,,,,,,,,,,,,,,,,,,,,,,,,,,,,,,,,,,,,,,,,,,,,,,,,,,,,,,,,,,,,,,,,,,,,,,,,,,,,,,,,
2050-06-27 13:00:00,,,,,,,,,,,,0.0003,,,,,,,,,,,,0.022000000000000002,,,,,,,,,,,,,,,,,,,,,,,,,,,,0.0009900000000000002,0.0009900000000000002,0.00126,0.0,,0.00136,0.0004,,,,,,,,,,,,,,,,,,,,,,,,,,,,,,,,,,,,,,,,,,,,,,,,,,,,,,,,,,,,,,,,,,,,,,,,,,,,,,,,,,,,,,,,,,,,,,,
2050-06-27 14:00:00,,,,,,,,,,,,0.0003,,,,,,,,,,,,0.011000000000000001,,,,,,,,,,,,,,,,,,,,,,,,,,,,0.0009900000000000002,0.0009900000000000002,0.00126,0.0,,0.00136,0.0004,,,,,,,,,,,,,,,,,,,,,,,,,,,,,,,,,,,,,,,,,,,,,,,,,,,,,,,,,,,,,,,,,,,,,,,,,,,,,,,,,,,,,,,,,,,,,,,
2050-06-27 15:00:00,,,,,,,,,,,,0.0003,,,,,,,,,,,,0.011000000000000001,,,,,,,,,,,,,,,,,,,,,,,,,,,,0.0009900000000000002,0.0009900000000000002,0.00126,0.0,,0.00136,0.0004,,,,,,,,,,,,,,,,,,,,,,,,,,,,,,,,,,,,,,,,,,,,,,,,,,,,,,,,,,,,,,,,,,,,,,,,,,,,,,,,,,,,,,,,,,,,,,,
2050-06-27 16:00:00,,,,,,,,,,,,0.0003,,,,,,,,,,,,0.0,,,,,,,,,,,,,,,,,,,,,,,,,,,,0.0009900000000000002,0.0009900000000000002,0.00126,0.0,,0.00136,0.0004,,,,,,,,,,,,,,,,,,,,,,,,,,,,,,,,,,,,,,,,,,,,,,,,,,,,,,,,,,,,,,,,,,,,,,,,,,,,,,,,,,,,,,,,,,,,,,,
2050-06-27 17:00:00,,,,,,,,,,,,0.0003,,,,,,,,,,,,0.0,,,,,,,,,,,,,,,,,,,,,,,,,,,,0.0009900000000000002,0.0009900000000000002,0.00126,0.0,,0.00136,0.0004,,,,,,,,,,,,,,,,,,,,,,,,,,,,,,,,,,,,,,,,,,,,,,,,,,,,,,,,,,,,,,,,,,,,,,,,,,,,,,,,,,,,,,,,,,,,,,,
2050-06-27 18:00:00,,,,,,,,,,,,0.0003,,,,,,,,,,,,0.0,,,,,,,,,,,,,,,,,,,,,,,,,,,,0.0009900000000000002,0.0009900000000000002,0.00126,0.0,,0.00136,0.0004,,,,,,,,,,,,,,,,,,,,,,,,,,,,,,,,,,,,,,,,,,,,,,,,,,,,,,,,,,,,,,,,,,,,,,,,,,,,,,,,,,,,,,,,,,,,,,,
2050-06-27 19:00:00,,,,,,,,,,,,0.0003,,,,,,,,,,,,0.0,,,,,,,,,,,,,,,,,,,,,,,,,,,,0.0009900000000000002,0.0009900000000000002,0.00126,0.0,,0.00136,0.0004,,,,,,,,,,,,,,,,,,,,,,,,,,,,,,,,,,,,,,,,,,,,,,,,,,,,,,,,,,,,,,,,,,,,,,,,,,,,,,,,,,,,,,,,,,,,,,,
2050-06-27 20:00:00,,,,,,,,,,,,0.0003,,,,,,,,,,,,0.0,,,,,,,,,,,,,,,,,,,,,,,,,,,,0.0009900000000000002,0.0009900000000000002,0.00126,0.0,,0.00136,0.0004,,,,,,,,,,,,,,,,,,,,,,,,,,,,,,,,,,,,,,,,,,,,,,,,,,,,,,,,,,,,,,,,,,,,,,,,,,,,,,,,,,,,,,,,,,,,,,,
2050-06-27 21:00:00,,,,,,,,,,,,0.0003,,,,,,,,,,,,0.0,,,,,,,,,,,,,,,,,,,,,,,,,,,,0.0009900000000000002,0.0009900000000000002,0.00126,0.0,,0.00136,0.0004,,,,,,,,,,,,,,,,,,,,,,,,,,,,,,,,,,,,,,,,,,,,,,,,,,,,,,,,,,,,,,,,,,,,,,,,,,,,,,,,,,,,,,,,,,,,,,,
2050-06-27 22:00:00,,,,,,,,,,,,0.0003,,,,,,,,,,,,0.0,,,,,,,,,,,,,,,,,,,,,,,,,,,,0.0009900000000000002,0.0009900000000000002,0.00126,0.0,,0.00136,0.0004,,,,,,,,,,,,,,,,,,,,,,,,,,,,,,,,,,,,,,,,,,,,,,,,,,,,,,,,,,,,,,,,,,,,,,,,,,,,,,,,,,,,,,,,,,,,,,,
2050-06-27 23:00:00,,,,,,,,,,,,0.0003,,,,,,,,,,,,0.0,,,,,,,,,,,,,,,,,,,,,,,,,,,,0.0009900000000000002,0.0009900000000000002,0.00126,0.0,,0.00136,0.0004,,,,,,,,,,,,,,,,,,,,,,,,,,,,,,,,,,,,,,,,,,,,,,,,,,,,,,,,,,,,,,,,,,,,,,,,,,,,,,,,,,,,,,,,,,,,,,,
2050-06-28 00:00:00,,,,,,,,,,,,0.0003,,,,,,,,,,,,0.0,,,,,,,,,,,,,,,,,,,,,,,,,,,,0.0009900000000000002,0.0009900000000000002,0.00126,0.0,,0.00136,0.0004,,,,,,,,,,,,,,,,,,,,,,,,,,,,,,,,,,,,,,,,,,,,,,,,,,,,,,,,,,,,,,,,,,,,,,,,,,,,,,,,,,,,,,,,,,,,,,,
2050-06-28 01:00:00,,,,,,,,,,,,0.0003,,,,,,,,,,,,0.0,,,,,,,,,,,,,,,,,,,,,,,,,,,,0.0009900000000000002,0.0009900000000000002,0.00126,0.0,,0.00136,0.0004,,,,,,,,,,,,,,,,,,,,,,,,,,,,,,,,,,,,,,,,,,,,,,,,,,,,,,,,,,,,,,,,,,,,,,,,,,,,,,,,,,,,,,,,,,,,,,,
2050-06-28 02:00:00,,,,,,,,,,,,0.0003,,,,,,,,,,,,0.0,,,,,,,,,,,,,,,,,,,,,,,,,,,,0.0009900000000000002,0.0009900000000000002,0.00126,0.0,,0.00136,0.0004,,,,,,,,,,,,,,,,,,,,,,,,,,,,,,,,,,,,,,,,,,,,,,,,,,,,,,,,,,,,,,,,,,,,,,,,,,,,,,,,,,,,,,,,,,,,,,,
2050-06-28 03:00:00,,,,,,,,,,,,0.0003,,,,,,,,,,,,0.0,,,,,,,,,,,,,,,,,,,,,,,,,,,,0.0009900000000000002,0.0009900000000000002,0.00126,0.0,,0.00136,0.0004,,,,,,,,,,,,,,,,,,,,,,,,,,,,,,,,,,,,,,,,,,,,,,,,,,,,,,,,,,,,,,,,,,,,,,,,,,,,,,,,,,,,,,,,,,,,,,,
2050-06-28 04:00:00,,,,,,,,,,,,0.0003,,,,,,,,,,,,0.0,,,,,,,,,,,,,,,,,,,,,,,,,,,,0.0009900000000000002,0.0009900000000000002,0.00126,0.0,,0.00136,0.0004,,,,,,,,,,,,,,,,,,,,,,,,,,,,,,,,,,,,,,,,,,,,,,,,,,,,,,,,,,,,,,,,,,,,,,,,,,,,,,,,,,,,,,,,,,,,,,,
2050-06-28 05:00:00,,,,,,,,,,,,0.0003,,,,,,,,,,,,0.0,,,,,,,,,,,,,,,,,,,,,,,,,,,,0.0009900000000000002,0.0009900000000000002,0.00126,0.0,,0.00136,0.0004,,,,,,,,,,,,,,,,,,,,,,,,,,,,,,,,,,,,,,,,,,,,,,,,,,,,,,,,,,,,,,,,,,,,,,,,,,,,,,,,,,,,,,,,,,,,,,,
2050-06-28 06:00:00,,,,,,,,,,,,0.0003,,,,,,,,,,,,0.0,,,,,,,,,,,,,,,,,,,,,,,,,,,,0.0009900000000000002,0.0009900000000000002,0.00126,0.0,,0.00136,0.0004,,,,,,,,,,,,,,,,,,,,,,,,,,,,,,,,,,,,,,,,,,,,,,,,,,,,,,,,,,,,,,,,,,,,,,,,,,,,,,,,,,,,,,,,,,,,,,,
2050-06-28 07:00:00,,,,,,,,,,,,0.0,,,,,,,,,,,,0.0,,,,,,,,,,,,,,,,,,,,,,,,,,,,0.0009900000000000002,0.0009900000000000002,0.00126,0.0,,0.00136,0.0004,,,,,,,,,,,,,,,,,,,,,,,,,,,,,,,,,,,,,,,,,,,,,,,,,,,,,,,,,,,,,,,,,,,,,,,,,,,,,,,,,,,,,,,,,,,,,,,
2050-06-28 08:00:00,,,,,,,,,,,,0.0,,,,,,,,,,,,0.008910000000000001,,,,,,,,,,,,,,,,,,,,,,,,,,,,0.0009900000000000002,0.0009900000000000002,0.00126,0.0,,0.00136,0.0004,,,,,,,,,,,,,,,,,,,,,,,,,,,,,,,,,,,,,,,,,,,,,,,,,,,,,,,,,,,,,,,,,,,,,,,,,,,,,,,,,,,,,,,,,,,,,,,
2050-06-28 09:00:00,,,,,,,,,,,,0.0,,,,,,,,,,,,0.017820000000000003,,,,,,,,,,,,,,,,,,,,,,,,,,,,0.0009900000000000002,0.0009900000000000002,0.00126,0.0,,0.00136,0.0004,,,,,,,,,,,,,,,,,,,,,,,,,,,,,,,,,,,,,,,,,,,,,,,,,,,,,,,,,,,,,,,,,,,,,,,,,,,,,,,,,,,,,,,,,,,,,,,
2050-06-28 10:00:00,,,,,,,,,,,,0.0,,,,,,,,,,,,0.017820000000000003,,,,,,,,,,,,,,,,,,,,,,,,,,,,0.0009900000000000002,0.0009900000000000002,0.00126,0.0,,0.00136,0.0004,,,,,,,,,,,,,,,,,,,,,,,,,,,,,,,,,,,,,,,,,,,,,,,,,,,,,,,,,,,,,,,,,,,,,,,,,,,,,,,,,,,,,,,,,,,,,,,
2050-06-28 11:00:00,,,,,,,,,,,,0.0,,,,,,,,,,,,0.011000000000000001,,,,,,,,,,,,,,,,,,,,,,,,,,,,0.0009900000000000002,0.0009900000000000002,0.00126,0.0,,0.00136,0.0004,,,,,,,,,,,,,,,,,,,,,,,,,,,,,,,,,,,,,,,,,,,,,,,,,,,,,,,,,,,,,,,,,,,,,,,,,,,,,,,,,,,,,,,,,,,,,,,
2050-06-28 12:00:00,,,,,,,,,,,,0.0,,,,,,,,,,,,0.011000000000000001,,,,,,,,,,,,,,,,,,,,,,,,,,,,0.0009900000000000002,0.0009900000000000002,0.00126,0.0,,0.00136,0.0004,,,,,,,,,,,,,,,,,,,,,,,,,,,,,,,,,,,,,,,,,,,,,,,,,,,,,,,,,,,,,,,,,,,,,,,,,,,,,,,,,,,,,,,,,,,,,,,
2050-06-28 13:00:00,,,,,,,,,,,,0.0,,,,,,,,,,,,0.011000000000000001,,,,,,,,,,,,,,,,,,,,,,,,,,,,0.0009900000000000002,0.0009900000000000002,0.00126,0.0,,0.00136,0.0004,,,,,,,,,,,,,,,,,,,,,,,,,,,,,,,,,,,,,,,,,,,,,,,,,,,,,,,,,,,,,,,,,,,,,,,,,,,,,,,,,,,,,,,,,,,,,,,
2050-06-28 14:00:00,,,,,,,,,,,,0.0,,,,,,,,,,,,0.011000000000000001,,,,,,,,,,,,,,,,,,,,,,,,,,,,0.0009900000000000002,0.0009900000000000002,0.00126,0.0,,0.0,0.0004,,,,,,,,,,,,,,,,,,,,,,,,,,,,,,,,,,,,,,,,,,,,,,,,,,,,,,,,,,,,,,,,,,,,,,,,,,,,,,,,,,,,,,,,,,,,,,,
2050-06-28 15:00:00,,,,,,,,,,,,0.0,,,,,,,,,,,,0.011000000000000001,,,,,,,,,,,,,,,,,,,,,,,,,,,,0.0009900000000000002,0.0009900000000000002,0.0,0.0,,0.0,0.0004,,,,,,,,,,,,,,,,,,,,,,,,,,,,,,,,,,,,,,,,,,,,,,,,,,,,,,,,,,,,,,,,,,,,,,,,,,,,,,,,,,,,,,,,,,,,,,,
2050-06-28 16:00:00,,,,,,,,,,,,0.0,,,,,,,,,,,,0.011000000000000001,,,,,,,,,,,,,,,,,,,,,,,,,,,,0.0,0.0,0.0,0.0,,0.0,0.0004,,,,,,,,,,,,,,,,,,,,,,,,,,,,,,,,,,,,,,,,,,,,,,,,,,,,,,,,,,,,,,,,,,,,,,,,,,,,,,,,,,,,,,,,,,,,,,,
2050-06-28 17:00:00,,,,,,,,,,,,0.0,,,,,,,,,,,,0.011000000000000001,,,,,,,,,,,,,,,,,,,,,,,,,,,,0.0,0.0,0.0,0.0,,0.0,0.0,,,,,,,,,,,,,,,,,,,,,,,,,,,,,,,,,,,,,,,,,,,,,,,,,,,,,,,,,,,,,,,,,,,,,,,,,,,,,,,,,,,,,,,,,,,,,,,
2050-06-28 18:00:00,,,,,,,,,,,,0.0,,,,,,,,,,,,0.0,,,,,,,,,,,,,,,,,,,,,,,,,,,,0.0,0.0,0.0,0.0,,0.0,0.0,,,,,,,,,,,,,,,,,,,,,,,,,,,,,,,,,,,,,,,,,,,,,,,,,,,,,,,,,,,,,,,,,,,,,,,,,,,,,,,,,,,,,,,,,,,,,,,
2050-06-28 19:00:00,,,,,,,,,,,,0.0,,,,,,,,,,,,0.0,,,,,,,,,,,,,,,,,,,,,,,,,,,,0.0,0.0,0.0,0.0,,0.0,0.0,,,,,,,,,,,,,,,,,,,,,,,,,,,,,,,,,,,,,,,,,,,,,,,,,,,,,,,,,,,,,,,,,,,,,,,,,,,,,,,,,,,,,,,,,,,,,,,
2050-06-28 20:00:00,,,,,,,,,,,,0.0,,,,,,,,,,,,0.0,,,,,,,,,,,,,,,,,,,,,,,,,,,,0.0,0.0,0.0,0.0,,0.0,0.0,,,,,,,,,,,,,,,,,,,,,,,,,,,,,,,,,,,,,,,,,,,,,,,,,,,,,,,,,,,,,,,,,,,,,,,,,,,,,,,,,,,,,,,,,,,,,,,
2050-06-28 21:00:00,,,,,,,,,,,,0.0,,,,,,,,,,,,0.0,,,,,,,,,,,,,,,,,,,,,,,,,,,,0.0,0.0,0.0,0.0,,0.0,0.0,,,,,,,,,,,,,,,,,,,,,,,,,,,,,,,,,,,,,,,,,,,,,,,,,,,,,,,,,,,,,,,,,,,,,,,,,,,,,,,,,,,,,,,,,,,,,,,
2050-06-28 22:00:00,,,,,,,,,,,,0.0,,,,,,,,,,,,0.0,,,,,,,,,,,,,,,,,,,,,,,,,,,,0.0,0.0,0.0,0.0,,0.0,0.0,,,,,,,,,,,,,,,,,,,,,,,,,,,,,,,,,,,,,,,,,,,,,,,,,,,,,,,,,,,,,,,,,,,,,,,,,,,,,,,,,,,,,,,,,,,,,,,
2050-06-28 23:00:00,,,,,,,,,,,,0.0,,,,,,,,,,,,0.0,,,,,,,,,,,,,,,,,,,,,,,,,,,,0.0,0.0,0.0,0.0,,0.0,0.0,,,,,,,,,,,,,,,,,,,,,,,,,,,,,,,,,,,,,,,,,,,,,,,,,,,,,,,,,,,,,,,,,,,,,,,,,,,,,,,,,,,,,,,,,,,,,,,
2050-08-01 00:00:00,,,,,,,,,,,,2.9999999999999997e-05,,,,,,,,,,,,0.003960000000000001,,,,,,,,,,,,,,,,,,,,,,,,,,,,0.0099,0.0099,0.00126,0.0007,,0.00136,0.0004,,,,,,,,,,,,,,,,,,,,,,,,,,,,,,,,,,,,,,,,,,,,,,,,,,,,,,,,,,,,,,,,,,,,,,,,,,,,,,,,,,,,,,,,,,,,,,,
2050-08-01 01:00:00,,,,,,,,,,,,2.9999999999999997e-05,,,,,,,,,,,,0.003960000000000001,,,,,,,,,,,,,,,,,,,,,,,,,,,,0.0099,0.0099,0.0126,0.0007,,0.00136,0.004,,,,,,,,,,,,,,,,,,,,,,,,,,,,,,,,,,,,,,,,,,,,,,,,,,,,,,,,,,,,,,,,,,,,,,,,,,,,,,,,,,,,,,,,,,,,,,,
2050-08-01 02:00:00,,,,,,,,,,,,2.9999999999999997e-05,,,,,,,,,,,,0.003960000000000001,,,,,,,,,,,,,,,,,,,,,,,,,,,,0.0099,0.0099,0.0126,0.0007,,0.00136,0.004,,,,,,,,,,,,,,,,,,,,,,,,,,,,,,,,,,,,,,,,,,,,,,,,,,,,,,,,,,,,,,,,,,,,,,,,,,,,,,,,,,,,,,,,,,,,,,,
2050-08-01 03:00:00,,,,,,,,,,,,2.9999999999999997e-05,,,,,,,,,,,,0.003960000000000001,,,,,,,,,,,,,,,,,,,,,,,,,,,,0.0099,0.0099,0.0126,0.0007,,0.00136,0.004,,,,,,,,,,,,,,,,,,,,,,,,,,,,,,,,,,,,,,,,,,,,,,,,,,,,,,,,,,,,,,,,,,,,,,,,,,,,,,,,,,,,,,,,,,,,,,,
2050-08-01 04:00:00,,,,,,,,,,,,2.9999999999999997e-05,,,,,,,,,,,,0.003960000000000001,,,,,,,,,,,,,,,,,,,,,,,,,,,,0.0099,0.0099,0.0126,0.0007,,0.00136,0.004,,,,,,,,,,,,,,,,,,,,,,,,,,,,,,,,,,,,,,,,,,,,,,,,,,,,,,,,,,,,,,,,,,,,,,,,,,,,,,,,,,,,,,,,,,,,,,,
2050-08-01 05:00:00,,,,,,,,,,,,0.0,,,,,,,,,,,,0.003960000000000001,,,,,,,,,,,,,,,,,,,,,,,,,,,,0.0099,0.0099,0.0126,0.0007,,0.00136,0.004,,,,,,,,,,,,,,,,,,,,,,,,,,,,,,,,,,,,,,,,,,,,,,,,,,,,,,,,,,,,,,,,,,,,,,,,,,,,,,,,,,,,,,,,,,,,,,,
2050-08-01 06:00:00,,,,,,,,,,,,0.0,,,,,,,,,,,,0.003960000000000001,,,,,,,,,,,,,,,,,,,,,,,,,,,,0.0099,0.0099,0.0126,0.0007,,0.00136,0.004,,,,,,,,,,,,,,,,,,,,,,,,,,,,,,,,,,,,,,,,,,,,,,,,,,,,,,,,,,,,,,,,,,,,,,,,,,,,,,,,,,,,,,,,,,,,,,,
2050-08-01 07:00:00,,,,,,,,,,,,0.0,,,,,,,,,,,,0.003960000000000001,,,,,,,,,,,,,,,,,,,,,,,,,,,,0.0099,0.0099,0.0126,0.0007,,0.00136,0.004,,,,,,,,,,,,,,,,,,,,,,,,,,,,,,,,,,,,,,,,,,,,,,,,,,,,,,,,,,,,,,,,,,,,,,,,,,,,,,,,,,,,,,,,,,,,,,,
2050-08-01 08:00:00,,,,,,,,,,,,0.0,,,,,,,,,,,,0.003960000000000001,,,,,,,,,,,,,,,,,,,,,,,,,,,,0.0099,0.0099,0.0126,0.0007,,0.00136,0.004,,,,,,,,,,,,,,,,,,,,,,,,,,,,,,,,,,,,,,,,,,,,,,,,,,,,,,,,,,,,,,,,,,,,,,,,,,,,,,,,,,,,,,,,,,,,,,,
2050-08-01 09:00:00,,,,,,,,,,,,0.0003,,,,,,,,,,,,0.012870000000000003,,,,,,,,,,,,,,,,,,,,,,,,,,,,0.0099,0.0099,0.0126,0.0007,,0.00136,0.004,,,,,,,,,,,,,,,,,,,,,,,,,,,,,,,,,,,,,,,,,,,,,,,,,,,,,,,,,,,,,,,,,,,,,,,,,,,,,,,,,,,,,,,,,,,,,,,
2050-08-01 10:00:00,,,,,,,,,,,,0.0003,,,,,,,,,,,,0.021780000000000004,,,,,,,,,,,,,,,,,,,,,,,,,,,,0.0099,0.0099,0.0126,0.0007,,0.00136,0.004,,,,,,,,,,,,,,,,,,,,,,,,,,,,,,,,,,,,,,,,,,,,,,,,,,,,,,,,,,,,,,,,,,,,,,,,,,,,,,,,,,,,,,,,,,,,,,,
2050-08-01 11:00:00,,,,,,,,,,,,0.0003,,,,,,,,,,,,0.021780000000000004,,,,,,,,,,,,,,,,,,,,,,,,,,,,0.0099,0.0099,0.0126,0.0007,,0.00136,0.004,,,,,,,,,,,,,,,,,,,,,,,,,,,,,,,,,,,,,,,,,,,,,,,,,,,,,,,,,,,,,,,,,,,,,,,,,,,,,,,,,,,,,,,,,,,,,,,
2050-08-01 12:00:00,,,,,,,,,,,,0.0003,,,,,,,,,,,,0.021780000000000004,,,,,,,,,,,,,,,,,,,,,,,,,,,,0.0099,0.0099,0.0126,0.0007,,0.00136,0.004,,,,,,,,,,,,,,,,,,,,,,,,,,,,,,,,,,,,,,,,,,,,,,,,,,,,,,,,,,,,,,,,,,,,,,,,,,,,,,,,,,,,,,,,,,,,,,,
2050-08-01 13:00:00,,,,,,,,,,,,0.0003,,,,,,,,,,,,0.01287,,,,,,,,,,,,,,,,,,,,,,,,,,,,0.0099,0.0099,0.0126,0.0007,,0.00136,0.004,,,,,,,,,,,,,,,,,,,,,,,,,,,,,,,,,,,,,,,,,,,,,,,,,,,,,,,,,,,,,,,,,,,,,,,,,,,,,,,,,,,,,,,,,,,,,,,
2050-08-01 14:00:00,,,,,,,,,,,,0.0003,,,,,,,,,,,,0.01287,,,,,,,,,,,,,,,,,,,,,,,,,,,,0.0099,0.0099,0.0126,0.0007,,0.00136,0.004,,,,,,,,,,,,,,,,,,,,,,,,,,,,,,,,,,,,,,,,,,,,,,,,,,,,,,,,,,,,,,,,,,,,,,,,,,,,,,,,,,,,,,,,,,,,,,,
2050-08-01 15:00:00,,,,,,,,,,,,0.0003,,,,,,,,,,,,0.01287,,,,,,,,,,,,,,,,,,,,,,,,,,,,0.0099,0.0099,0.0126,0.0007,,0.00136,0.004,,,,,,,,,,,,,,,,,,,,,,,,,,,,,,,,,,,,,,,,,,,,,,,,,,,,,,,,,,,,,,,,,,,,,,,,,,,,,,,,,,,,,,,,,,,,,,,
2050-08-01 16:00:00,,,,,,,,,,,,0.0003,,,,,,,,,,,,0.01287,,,,,,,,,,,,,,,,,,,,,,,,,,,,0.0099,0.0099,0.0126,0.0007,,0.00136,0.004,,,,,,,,,,,,,,,,,,,,,,,,,,,,,,,,,,,,,,,,,,,,,,,,,,,,,,,,,,,,,,,,,,,,,,,,,,,,,,,,,,,,,,,,,,,,,,,
2050-08-01 17:00:00,,,,,,,,,,,,0.0003,,,,,,,,,,,,0.01287,,,,,,,,,,,,,,,,,,,,,,,,,,,,0.0099,0.0099,0.0126,0.0007,,0.00136,0.004,,,,,,,,,,,,,,,,,,,,,,,,,,,,,,,,,,,,,,,,,,,,,,,,,,,,,,,,,,,,,,,,,,,,,,,,,,,,,,,,,,,,,,,,,,,,,,,
2050-08-01 18:00:00,,,,,,,,,,,,0.0003,,,,,,,,,,,,0.01287,,,,,,,,,,,,,,,,,,,,,,,,,,,,0.0099,0.0099,0.0126,0.0007,,0.00136,0.004,,,,,,,,,,,,,,,,,,,,,,,,,,,,,,,,,,,,,,,,,,,,,,,,,,,,,,,,,,,,,,,,,,,,,,,,,,,,,,,,,,,,,,,,,,,,,,,
2050-08-01 19:00:00,,,,,,,,,,,,0.0003,,,,,,,,,,,,0.01287,,,,,,,,,,,,,,,,,,,,,,,,,,,,0.0099,0.0099,0.0126,0.0007,,0.00136,0.004,,,,,,,,,,,,,,,,,,,,,,,,,,,,,,,,,,,,,,,,,,,,,,,,,,,,,,,,,,,,,,,,,,,,,,,,,,,,,,,,,,,,,,,,,,,,,,,
2050-08-01 20:00:00,,,,,,,,,,,,0.0003,,,,,,,,,,,,0.01287,,,,,,,,,,,,,,,,,,,,,,,,,,,,0.0099,0.0099,0.0126,0.0007,,0.00136,0.004,,,,,,,,,,,,,,,,,,,,,,,,,,,,,,,,,,,,,,,,,,,,,,,,,,,,,,,,,,,,,,,,,,,,,,,,,,,,,,,,,,,,,,,,,,,,,,,
2050-08-01 21:00:00,,,,,,,,,,,,0.0003,,,,,,,,,,,,0.02178,,,,,,,,,,,,,,,,,,,,,,,,,,,,0.0099,0.0099,0.0126,0.0007,,0.00136,0.004,,,,,,,,,,,,,,,,,,,,,,,,,,,,,,,,,,,,,,,,,,,,,,,,,,,,,,,,,,,,,,,,,,,,,,,,,,,,,,,,,,,,,,,,,,,,,,,
2050-08-01 22:00:00,,,,,,,,,,,,0.0003,,,,,,,,,,,,0.02178,,,,,,,,,,,,,,,,,,,,,,,,,,,,0.0099,0.0099,0.0126,0.0007,,0.00136,0.004,,,,,,,,,,,,,,,,,,,,,,,,,,,,,,,,,,,,,,,,,,,,,,,,,,,,,,,,,,,,,,,,,,,,,,,,,,,,,,,,,,,,,,,,,,,,,,,
2050-08-01 23:00:00,,,,,,,,,,,,0.0003,,,,,,,,,,,,0.02178,,,,,,,,,,,,,,,,,,,,,,,,,,,,0.0099,0.0099,0.0126,0.0007,,0.00136,0.004,,,,,,,,,,,,,,,,,,,,,,,,,,,,,,,,,,,,,,,,,,,,,,,,,,,,,,,,,,,,,,,,,,,,,,,,,,,,,,,,,,,,,,,,,,,,,,,
2050-08-02 00:00:00,,,,,,,,,,,,0.0003,,,,,,,,,,,,0.02178,,,,,,,,,,,,,,,,,,,,,,,,,,,,0.0099,0.0099,0.0126,0.0007,,0.00136,0.004,,,,,,,,,,,,,,,,,,,,,,,,,,,,,,,,,,,,,,,,,,,,,,,,,,,,,,,,,,,,,,,,,,,,,,,,,,,,,,,,,,,,,,,,,,,,,,,
2050-08-02 01:00:00,,,,,,,,,,,,0.0003,,,,,,,,,,,,0.02178,,,,,,,,,,,,,,,,,,,,,,,,,,,,0.0099,0.0099,0.0126,0.0007,,0.00136,0.004,,,,,,,,,,,,,,,,,,,,,,,,,,,,,,,,,,,,,,,,,,,,,,,,,,,,,,,,,,,,,,,,,,,,,,,,,,,,,,,,,,,,,,,,,,,,,,,
2050-08-02 02:00:00,,,,,,,,,,,,0.0003,,,,,,,,,,,,0.02178,,,,,,,,,,,,,,,,,,,,,,,,,,,,0.0099,0.0099,0.0126,0.0007,,0.00136,0.004,,,,,,,,,,,,,,,,,,,,,,,,,,,,,,,,,,,,,,,,,,,,,,,,,,,,,,,,,,,,,,,,,,,,,,,,,,,,,,,,,,,,,,,,,,,,,,,
2050-08-02 03:00:00,,,,,,,,,,,,0.0003,,,,,,,,,,,,0.02178,,,,,,,,,,,,,,,,,,,,,,,,,,,,0.0099,0.0099,0.0126,0.0007,,0.00136,0.004,,,,,,,,,,,,,,,,,,,,,,,,,,,,,,,,,,,,,,,,,,,,,,,,,,,,,,,,,,,,,,,,,,,,,,,,,,,,,,,,,,,,,,,,,,,,,,,
2050-08-02 04:00:00,,,,,,,,,,,,0.0003,,,,,,,,,,,,0.02178,,,,,,,,,,,,,,,,,,,,,,,,,,,,0.0099,0.0099,0.0126,0.0007,,0.00136,0.004,,,,,,,,,,,,,,,,,,,,,,,,,,,,,,,,,,,,,,,,,,,,,,,,,,,,,,,,,,,,,,,,,,,,,,,,,,,,,,,,,,,,,,,,,,,,,,,
2050-08-02 05:00:00,,,,,,,,,,,,0.0003,,,,,,,,,,,,0.02178,,,,,,,,,,,,,,,,,,,,,,,,,,,,0.0099,0.0099,0.0126,0.0007,,0.00136,0.004,,,,,,,,,,,,,,,,,,,,,,,,,,,,,,,,,,,,,,,,,,,,,,,,,,,,,,,,,,,,,,,,,,,,,,,,,,,,,,,,,,,,,,,,,,,,,,,
2050-08-02 06:00:00,,,,,,,,,,,,0.0003,,,,,,,,,,,,0.02178,,,,,,,,,,,,,,,,,,,,,,,,,,,,0.0099,0.0099,0.0126,0.0007,,0.00136,0.004,,,,,,,,,,,,,,,,,,,,,,,,,,,,,,,,,,,,,,,,,,,,,,,,,,,,,,,,,,,,,,,,,,,,,,,,,,,,,,,,,,,,,,,,,,,,,,,
2050-08-02 07:00:00,,,,,,,,,,,,0.0003,,,,,,,,,,,,0.02178,,,,,,,,,,,,,,,,,,,,,,,,,,,,0.0099,0.0099,0.0126,0.0007,,0.00136,0.004,,,,,,,,,,,,,,,,,,,,,,,,,,,,,,,,,,,,,,,,,,,,,,,,,,,,,,,,,,,,,,,,,,,,,,,,,,,,,,,,,,,,,,,,,,,,,,,
2050-08-02 08:00:00,,,,,,,,,,,,0.0,,,,,,,,,,,,0.02178,,,,,,,,,,,,,,,,,,,,,,,,,,,,0.0099,0.0099,0.0126,0.0007,,0.00136,0.004,,,,,,,,,,,,,,,,,,,,,,,,,,,,,,,,,,,,,,,,,,,,,,,,,,,,,,,,,,,,,,,,,,,,,,,,,,,,,,,,,,,,,,,,,,,,,,,
2050-08-02 09:00:00,,,,,,,,,,,,0.0003,,,,,,,,,,,,0.030690000000000002,,,,,,,,,,,,,,,,,,,,,,,,,,,,0.0099,0.0099,0.0126,0.0007,,0.00136,0.004,,,,,,,,,,,,,,,,,,,,,,,,,,,,,,,,,,,,,,,,,,,,,,,,,,,,,,,,,,,,,,,,,,,,,,,,,,,,,,,,,,,,,,,,,,,,,,,
2050-08-02 10:00:00,,,,,,,,,,,,0.0003,,,,,,,,,,,,0.0396,,,,,,,,,,,,,,,,,,,,,,,,,,,,0.0099,0.0099,0.0126,0.0007,,0.00136,0.004,,,,,,,,,,,,,,,,,,,,,,,,,,,,,,,,,,,,,,,,,,,,,,,,,,,,,,,,,,,,,,,,,,,,,,,,,,,,,,,,,,,,,,,,,,,,,,,
2050-08-02 11:00:00,,,,,,,,,,,,0.0003,,,,,,,,,,,,0.0396,,,,,,,,,,,,,,,,,,,,,,,,,,,,0.0099,0.0099,0.0126,0.0007,,0.0136,0.004,,,,,,,,,,,,,,,,,,,,,,,,,,,,,,,,,,,,,,,,,,,,,,,,,,,,,,,,,,,,,,,,,,,,,,,,,,,,,,,,,,,,,,,,,,,,,,,
2050-08-02 12:00:00,,,,,,,,,,,,0.0003,,,,,,,,,,,,0.0396,,,,,,,,,,,,,,,,,,,,,,,,,,,,0.0,0.0,0.0,0.0,,0.0,0.0,,,,,,,,,,,,,,,,,,,,,,,,,,,,,,,,,,,,,,,,,,,,,,,,,,,,,,,,,,,,,,,,,,,,,,,,,,,,,,,,,,,,,,,,,,,,,,,
2050-08-02 13:00:00,,,,,,,,,,,,0.0003,,,,,,,,,,,,0.0396,,,,,,,,,,,,,,,,,,,,,,,,,,,,0.0,0.0,0.0,0.0,,0.0,0.0,,,,,,,,,,,,,,,,,,,,,,,,,,,,,,,,,,,,,,,,,,,,,,,,,,,,,,,,,,,,,,,,,,,,,,,,,,,,,,,,,,,,,,,,,,,,,,,
2050-08-02 14:00:00,,,,,,,,,,,,0.0003,,,,,,,,,,,,0.0286,,,,,,,,,,,,,,,,,,,,,,,,,,,,0.0,0.0,0.0,0.0,,0.0,0.0,,,,,,,,,,,,,,,,,,,,,,,,,,,,,,,,,,,,,,,,,,,,,,,,,,,,,,,,,,,,,,,,,,,,,,,,,,,,,,,,,,,,,,,,,,,,,,,
2050-08-02 15:00:00,,,,,,,,,,,,0.0003,,,,,,,,,,,,0.017599999999999998,,,,,,,,,,,,,,,,,,,,,,,,,,,,0.0,0.0,0.0,0.0,,0.0,0.0,,,,,,,,,,,,,,,,,,,,,,,,,,,,,,,,,,,,,,,,,,,,,,,,,,,,,,,,,,,,,,,,,,,,,,,,,,,,,,,,,,,,,,,,,,,,,,,
2050-08-02 16:00:00,,,,,,,,,,,,0.0003,,,,,,,,,,,,0.0065999999999999965,,,,,,,,,,,,,,,,,,,,,,,,,,,,0.0,0.0,0.0,0.0,,0.0,0.0,,,,,,,,,,,,,,,,,,,,,,,,,,,,,,,,,,,,,,,,,,,,,,,,,,,,,,,,,,,,,,,,,,,,,,,,,,,,,,,,,,,,,,,,,,,,,,,
2050-08-02 17:00:00,,,,,,,,,,,,0.0003,,,,,,,,,,,,0.0,,,,,,,,,,,,,,,,,,,,,,,,,,,,0.0,0.0,0.0,0.0,,0.0,0.0,,,,,,,,,,,,,,,,,,,,,,,,,,,,,,,,,,,,,,,,,,,,,,,,,,,,,,,,,,,,,,,,,,,,,,,,,,,,,,,,,,,,,,,,,,,,,,,
2050-08-02 18:00:00,,,,,,,,,,,,0.0003,,,,,,,,,,,,0.0,,,,,,,,,,,,,,,,,,,,,,,,,,,,0.0,0.0,0.0,0.0,,0.0,0.0,,,,,,,,,,,,,,,,,,,,,,,,,,,,,,,,,,,,,,,,,,,,,,,,,,,,,,,,,,,,,,,,,,,,,,,,,,,,,,,,,,,,,,,,,,,,,,,
2050-08-02 19:00:00,,,,,,,,,,,,0.0003,,,,,,,,,,,,0.0,,,,,,,,,,,,,,,,,,,,,,,,,,,,0.0,0.0,0.0,0.0,,0.0,0.0,,,,,,,,,,,,,,,,,,,,,,,,,,,,,,,,,,,,,,,,,,,,,,,,,,,,,,,,,,,,,,,,,,,,,,,,,,,,,,,,,,,,,,,,,,,,,,,
2050-08-02 20:00:00,,,,,,,,,,,,0.0003,,,,,,,,,,,,0.0,,,,,,,,,,,,,,,,,,,,,,,,,,,,0.0,0.0,0.0,0.0,,0.0,0.0,,,,,,,,,,,,,,,,,,,,,,,,,,,,,,,,,,,,,,,,,,,,,,,,,,,,,,,,,,,,,,,,,,,,,,,,,,,,,,,,,,,,,,,,,,,,,,,
2050-08-02 21:00:00,,,,,,,,,,,,0.0003,,,,,,,,,,,,0.008910000000000001,,,,,,,,,,,,,,,,,,,,,,,,,,,,0.0,0.0,0.0,0.0,,0.0,0.0,,,,,,,,,,,,,,,,,,,,,,,,,,,,,,,,,,,,,,,,,,,,,,,,,,,,,,,,,,,,,,,,,,,,,,,,,,,,,,,,,,,,,,,,,,,,,,,
2050-08-02 22:00:00,,,,,,,,,,,,0.0003,,,,,,,,,,,,0.017820000000000003,,,,,,,,,,,,,,,,,,,,,,,,,,,,0.0,0.0,0.0,0.0,,0.0,0.0,,,,,,,,,,,,,,,,,,,,,,,,,,,,,,,,,,,,,,,,,,,,,,,,,,,,,,,,,,,,,,,,,,,,,,,,,,,,,,,,,,,,,,,,,,,,,,,
2050-08-02 23:00:00,,,,,,,,,,,,0.0003,,,,,,,,,,,,0.026730000000000004,,,,,,,,,,,,,,,,,,,,,,,,,,,,0.008910000000000001,0.008910000000000001,0.0126,0.0007,,0.0136,0.0036000000000000003,,,,,,,,,,,,,,,,,,,,,,,,,,,,,,,,,,,,,,,,,,,,,,,,,,,,,,,,,,,,,,,,,,,,,,,,,,,,,,,,,,,,,,,,,,,,,,,
2050-08-03 00:00:00,,,,,,,,,,,,0.0003,,,,,,,,,,,,0.026730000000000004,,,,,,,,,,,,,,,,,,,,,,,,,,,,0.008910000000000001,0.008910000000000001,0.0126,0.0007,,0.0136,0.0036000000000000003,,,,,,,,,,,,,,,,,,,,,,,,,,,,,,,,,,,,,,,,,,,,,,,,,,,,,,,,,,,,,,,,,,,,,,,,,,,,,,,,,,,,,,,,,,,,,,,
2050-08-03 01:00:00,,,,,,,,,,,,0.0003,,,,,,,,,,,,0.01727,,,,,,,,,,,,,,,,,,,,,,,,,,,,0.008910000000000001,0.008910000000000001,0.0126,0.0007,,0.0136,0.0036000000000000003,,,,,,,,,,,,,,,,,,,,,,,,,,,,,,,,,,,,,,,,,,,,,,,,,,,,,,,,,,,,,,,,,,,,,,,,,,,,,,,,,,,,,,,,,,,,,,,
2050-08-03 02:00:00,,,,,,,,,,,,0.0003,,,,,,,,,,,,0.01727,,,,,,,,,,,,,,,,,,,,,,,,,,,,0.008910000000000001,0.008910000000000001,0.0126,0.0007,,0.0136,0.0036000000000000003,,,,,,,,,,,,,,,,,,,,,,,,,,,,,,,,,,,,,,,,,,,,,,,,,,,,,,,,,,,,,,,,,,,,,,,,,,,,,,,,,,,,,,,,,,,,,,,
2050-08-03 03:00:00,,,,,,,,,,,,0.0003,,,,,,,,,,,,0.01727,,,,,,,,,,,,,,,,,,,,,,,,,,,,0.008910000000000001,0.008910000000000001,0.0126,0.0007,,0.0136,0.0036000000000000003,,,,,,,,,,,,,,,,,,,,,,,,,,,,,,,,,,,,,,,,,,,,,,,,,,,,,,,,,,,,,,,,,,,,,,,,,,,,,,,,,,,,,,,,,,,,,,,
2050-08-03 04:00:00,,,,,,,,,,,,0.0003,,,,,,,,,,,,0.01727,,,,,,,,,,,,,,,,,,,,,,,,,,,,0.008910000000000001,0.008910000000000001,0.0126,0.0007,,0.0136,0.0036000000000000003,,,,,,,,,,,,,,,,,,,,,,,,,,,,,,,,,,,,,,,,,,,,,,,,,,,,,,,,,,,,,,,,,,,,,,,,,,,,,,,,,,,,,,,,,,,,,,,
2050-08-03 05:00:00,,,,,,,,,,,,0.0003,,,,,,,,,,,,0.006269999999999998,,,,,,,,,,,,,,,,,,,,,,,,,,,,0.008910000000000001,0.008910000000000001,0.0126,0.0007,,0.0136,0.0036000000000000003,,,,,,,,,,,,,,,,,,,,,,,,,,,,,,,,,,,,,,,,,,,,,,,,,,,,,,,,,,,,,,,,,,,,,,,,,,,,,,,,,,,,,,,,,,,,,,,
2050-08-03 06:00:00,,,,,,,,,,,,0.0003,,,,,,,,,,,,0.006269999999999998,,,,,,,,,,,,,,,,,,,,,,,,,,,,0.008910000000000001,0.008910000000000001,0.0126,0.0007,,0.0136,0.0036000000000000003,,,,,,,,,,,,,,,,,,,,,,,,,,,,,,,,,,,,,,,,,,,,,,,,,,,,,,,,,,,,,,,,,,,,,,,,,,,,,,,,,,,,,,,,,,,,,,,
2050-08-03 07:00:00,,,,,,,,,,,,0.0,,,,,,,,,,,,0.006269999999999998,,,,,,,,,,,,,,,,,,,,,,,,,,,,0.008910000000000001,0.008910000000000001,0.0126,0.0007,,0.0136,0.0036000000000000003,,,,,,,,,,,,,,,,,,,,,,,,,,,,,,,,,,,,,,,,,,,,,,,,,,,,,,,,,,,,,,,,,,,,,,,,,,,,,,,,,,,,,,,,,,,,,,,
2050-08-03 08:00:00,,,,,,,,,,,,0.0,,,,,,,,,,,,0.015179999999999999,,,,,,,,,,,,,,,,,,,,,,,,,,,,0.008910000000000001,0.008910000000000001,0.0126,0.0007,,0.0136,0.0036000000000000003,,,,,,,,,,,,,,,,,,,,,,,,,,,,,,,,,,,,,,,,,,,,,,,,,,,,,,,,,,,,,,,,,,,,,,,,,,,,,,,,,,,,,,,,,,,,,,,
2050-08-03 09:00:00,,,,,,,,,,,,0.0,,,,,,,,,,,,0.02409,,,,,,,,,,,,,,,,,,,,,,,,,,,,0.008910000000000001,0.008910000000000001,0.0126,0.0007,,0.0136,0.0036000000000000003,,,,,,,,,,,,,,,,,,,,,,,,,,,,,,,,,,,,,,,,,,,,,,,,,,,,,,,,,,,,,,,,,,,,,,,,,,,,,,,,,,,,,,,,,,,,,,,
2050-08-03 10:00:00,,,,,,,,,,,,0.0003,,,,,,,,,,,,0.033,,,,,,,,,,,,,,,,,,,,,,,,,,,,0.008910000000000001,0.008910000000000001,0.0126,0.0007,,0.0136,0.0036000000000000003,,,,,,,,,,,,,,,,,,,,,,,,,,,,,,,,,,,,,,,,,,,,,,,,,,,,,,,,,,,,,,,,,,,,,,,,,,,,,,,,,,,,,,,,,,,,,,,
2050-08-03 11:00:00,,,,,,,,,,,,0.0003,,,,,,,,,,,,0.033,,,,,,,,,,,,,,,,,,,,,,,,,,,,0.008910000000000001,0.008910000000000001,0.0126,0.0007,,0.0136,0.0036000000000000003,,,,,,,,,,,,,,,,,,,,,,,,,,,,,,,,,,,,,,,,,,,,,,,,,,,,,,,,,,,,,,,,,,,,,,,,,,,,,,,,,,,,,,,,,,,,,,,
2050-08-03 12:00:00,,,,,,,,,,,,0.0003,,,,,,,,,,,,0.022000000000000002,,,,,,,,,,,,,,,,,,,,,,,,,,,,0.0,0.0,0.0,0.0,,0.0136,0.0,,,,,,,,,,,,,,,,,,,,,,,,,,,,,,,,,,,,,,,,,,,,,,,,,,,,,,,,,,,,,,,,,,,,,,,,,,,,,,,,,,,,,,,,,,,,,,,
2050-08-03 13:00:00,,,,,,,,,,,,0.0003,,,,,,,,,,,,0.022000000000000002,,,,,,,,,,,,,,,,,,,,,,,,,,,,0.0,0.0,0.0,0.0,,0.0,0.0,,,,,,,,,,,,,,,,,,,,,,,,,,,,,,,,,,,,,,,,,,,,,,,,,,,,,,,,,,,,,,,,,,,,,,,,,,,,,,,,,,,,,,,,,,,,,,,
2050-08-03 14:00:00,,,,,,,,,,,,0.0003,,,,,,,,,,,,0.022000000000000002,,,,,,,,,,,,,,,,,,,,,,,,,,,,0.0,0.0,0.0,0.0,,0.0,0.0,,,,,,,,,,,,,,,,,,,,,,,,,,,,,,,,,,,,,,,,,,,,,,,,,,,,,,,,,,,,,,,,,,,,,,,,,,,,,,,,,,,,,,,,,,,,,,,
2050-08-03 15:00:00,,,,,,,,,,,,0.0003,,,,,,,,,,,,0.011000000000000001,,,,,,,,,,,,,,,,,,,,,,,,,,,,0.0,0.0,0.0,0.0,,0.0,0.0,,,,,,,,,,,,,,,,,,,,,,,,,,,,,,,,,,,,,,,,,,,,,,,,,,,,,,,,,,,,,,,,,,,,,,,,,,,,,,,,,,,,,,,,,,,,,,,
2050-08-03 16:00:00,,,,,,,,,,,,0.0003,,,,,,,,,,,,0.011000000000000001,,,,,,,,,,,,,,,,,,,,,,,,,,,,0.0,0.0,0.0,0.0,,0.0,0.0,,,,,,,,,,,,,,,,,,,,,,,,,,,,,,,,,,,,,,,,,,,,,,,,,,,,,,,,,,,,,,,,,,,,,,,,,,,,,,,,,,,,,,,,,,,,,,,
2050-08-03 17:00:00,,,,,,,,,,,,0.0003,,,,,,,,,,,,0.011000000000000001,,,,,,,,,,,,,,,,,,,,,,,,,,,,0.0,0.0,0.0,0.0,,0.0,0.0,,,,,,,,,,,,,,,,,,,,,,,,,,,,,,,,,,,,,,,,,,,,,,,,,,,,,,,,,,,,,,,,,,,,,,,,,,,,,,,,,,,,,,,,,,,,,,,
2050-08-03 18:00:00,,,,,,,,,,,,0.0003,,,,,,,,,,,,0.011000000000000001,,,,,,,,,,,,,,,,,,,,,,,,,,,,0.0,0.0,0.0,0.0,,0.0,0.0,,,,,,,,,,,,,,,,,,,,,,,,,,,,,,,,,,,,,,,,,,,,,,,,,,,,,,,,,,,,,,,,,,,,,,,,,,,,,,,,,,,,,,,,,,,,,,,
2050-08-03 19:00:00,,,,,,,,,,,,0.0003,,,,,,,,,,,,0.0,,,,,,,,,,,,,,,,,,,,,,,,,,,,0.0,0.0,0.0,0.0,,0.0,0.0,,,,,,,,,,,,,,,,,,,,,,,,,,,,,,,,,,,,,,,,,,,,,,,,,,,,,,,,,,,,,,,,,,,,,,,,,,,,,,,,,,,,,,,,,,,,,,,
2050-08-03 20:00:00,,,,,,,,,,,,0.0003,,,,,,,,,,,,0.0,,,,,,,,,,,,,,,,,,,,,,,,,,,,0.0,0.0,0.0,0.0,,0.0,0.0,,,,,,,,,,,,,,,,,,,,,,,,,,,,,,,,,,,,,,,,,,,,,,,,,,,,,,,,,,,,,,,,,,,,,,,,,,,,,,,,,,,,,,,,,,,,,,,
2050-08-03 21:00:00,,,,,,,,,,,,0.0003,,,,,,,,,,,,0.0,,,,,,,,,,,,,,,,,,,,,,,,,,,,0.0,0.0,0.0,0.0,,0.0,0.0,,,,,,,,,,,,,,,,,,,,,,,,,,,,,,,,,,,,,,,,,,,,,,,,,,,,,,,,,,,,,,,,,,,,,,,,,,,,,,,,,,,,,,,,,,,,,,,
2050-08-03 22:00:00,,,,,,,,,,,,0.0003,,,,,,,,,,,,0.0,,,,,,,,,,,,,,,,,,,,,,,,,,,,0.0,0.0,0.0,0.0,,0.0,0.0,,,,,,,,,,,,,,,,,,,,,,,,,,,,,,,,,,,,,,,,,,,,,,,,,,,,,,,,,,,,,,,,,,,,,,,,,,,,,,,,,,,,,,,,,,,,,,,
2050-08-03 23:00:00,,,,,,,,,,,,0.0,,,,,,,,,,,,0.0,,,,,,,,,,,,,,,,,,,,,,,,,,,,0.0,0.0,0.0,0.0,,0.0,0.0,,,,,,,,,,,,,,,,,,,,,,,,,,,,,,,,,,,,,,,,,,,,,,,,,,,,,,,,,,,,,,,,,,,,,,,,,,,,,,,,,,,,,,,,,,,,,,,
2050-08-27 00:00:00,,,,,,,,,,,,2.9999999999999997e-05,,,,,,,,,,,,0.003960000000000001,,,,,,,,,,,,,,,,,,,,,,,,,,,,0.0009900000000000002,0.0009900000000000002,0.00126,7.000000000000001e-05,,0.00136,0.0004,,,,,,,,,,,,,,,,,,,,,,,,,,,,,,,,,,,,,,,,,,,,,,,,,,,,,,,,,,,,,,,,,,,,,,,,,,,,,,,,,,,,,,,,,,,,,,,
2050-08-27 01:00:00,,,,,,,,,,,,2.9999999999999997e-05,,,,,,,,,,,,0.003960000000000001,,,,,,,,,,,,,,,,,,,,,,,,,,,,0.0009900000000000002,0.0009900000000000002,0.00126,7.000000000000001e-05,,0.00136,0.0004,,,,,,,,,,,,,,,,,,,,,,,,,,,,,,,,,,,,,,,,,,,,,,,,,,,,,,,,,,,,,,,,,,,,,,,,,,,,,,,,,,,,,,,,,,,,,,,
2050-08-27 02:00:00,,,,,,,,,,,,2.9999999999999997e-05,,,,,,,,,,,,0.003960000000000001,,,,,,,,,,,,,,,,,,,,,,,,,,,,0.0009900000000000002,0.0009900000000000002,0.00126,7.000000000000001e-05,,0.00136,0.0004,,,,,,,,,,,,,,,,,,,,,,,,,,,,,,,,,,,,,,,,,,,,,,,,,,,,,,,,,,,,,,,,,,,,,,,,,,,,,,,,,,,,,,,,,,,,,,,
2050-08-27 03:00:00,,,,,,,,,,,,2.9999999999999997e-05,,,,,,,,,,,,0.003960000000000001,,,,,,,,,,,,,,,,,,,,,,,,,,,,0.0009900000000000002,0.0009900000000000002,0.00126,7.000000000000001e-05,,0.0,0.0004,,,,,,,,,,,,,,,,,,,,,,,,,,,,,,,,,,,,,,,,,,,,,,,,,,,,,,,,,,,,,,,,,,,,,,,,,,,,,,,,,,,,,,,,,,,,,,,
2050-08-27 04:00:00,,,,,,,,,,,,0.0,,,,,,,,,,,,0.003960000000000001,,,,,,,,,,,,,,,,,,,,,,,,,,,,0.0009900000000000002,0.0009900000000000002,0.00126,0.0,,0.0,0.0004,,,,,,,,,,,,,,,,,,,,,,,,,,,,,,,,,,,,,,,,,,,,,,,,,,,,,,,,,,,,,,,,,,,,,,,,,,,,,,,,,,,,,,,,,,,,,,,
2050-08-27 05:00:00,,,,,,,,,,,,0.0,,,,,,,,,,,,0.003960000000000001,,,,,,,,,,,,,,,,,,,,,,,,,,,,0.0,0.0,0.0,0.0,,0.0,0.0004,,,,,,,,,,,,,,,,,,,,,,,,,,,,,,,,,,,,,,,,,,,,,,,,,,,,,,,,,,,,,,,,,,,,,,,,,,,,,,,,,,,,,,,,,,,,,,,
2050-08-27 06:00:00,,,,,,,,,,,,0.0,,,,,,,,,,,,0.0,,,,,,,,,,,,,,,,,,,,,,,,,,,,0.0,0.0,0.0,0.0,,0.0,0.0004,,,,,,,,,,,,,,,,,,,,,,,,,,,,,,,,,,,,,,,,,,,,,,,,,,,,,,,,,,,,,,,,,,,,,,,,,,,,,,,,,,,,,,,,,,,,,,,
2050-08-27 07:00:00,,,,,,,,,,,,0.0,,,,,,,,,,,,0.0,,,,,,,,,,,,,,,,,,,,,,,,,,,,0.0,0.0,0.0,0.0,,0.0,0.0,,,,,,,,,,,,,,,,,,,,,,,,,,,,,,,,,,,,,,,,,,,,,,,,,,,,,,,,,,,,,,,,,,,,,,,,,,,,,,,,,,,,,,,,,,,,,,,
2050-08-27 08:00:00,,,,,,,,,,,,0.0003,,,,,,,,,,,,0.008910000000000001,,,,,,,,,,,,,,,,,,,,,,,,,,,,0.0,0.0009899999999999996,0.0,0.0,,0.0,0.0036000000000000003,,,,,,,,,,,,,,,,,,,,,,,,,,,,,,,,,,,,,,,,,,,,,,,,,,,,,,,,,,,,,,,,,,,,,,,,,,,,,,,,,,,,,,,,,,,,,,,
2050-08-27 09:00:00,,,,,,,,,,,,0.0003,,,,,,,,,,,,0.01287,,,,,,,,,,,,,,,,,,,,,,,,,,,,0.0009899999999999996,0.0009899999999999996,0.0,0.0,,0.0,0.004,,,,,,,,,,,,,,,,,,,,,,,,,,,,,,,,,,,,,,,,,,,,,,,,,,,,,,,,,,,,,,,,,,,,,,,,,,,,,,,,,,,,,,,,,,,,,,,
2050-08-27 10:00:00,,,,,,,,,,,,0.0003,,,,,,,,,,,,0.01287,,,,,,,,,,,,,,,,,,,,,,,,,,,,0.0009899999999999996,0.0099,0.0126,0.0,,0.0,0.004,,,,,,,,,,,,,,,,,,,,,,,,,,,,,,,,,,,,,,,,,,,,,,,,,,,,,,,,,,,,,,,,,,,,,,,,,,,,,,,,,,,,,,,,,,,,,,,
2050-08-27 11:00:00,,,,,,,,,,,,0.0003,,,,,,,,,,,,0.02178,,,,,,,,,,,,,,,,,,,,,,,,,,,,0.0009899999999999996,0.0099,0.0126,0.0,,0.0,0.004,,,,,,,,,,,,,,,,,,,,,,,,,,,,,,,,,,,,,,,,,,,,,,,,,,,,,,,,,,,,,,,,,,,,,,,,,,,,,,,,,,,,,,,,,,,,,,,
2050-08-27 12:00:00,,,,,,,,,,,,0.0003,,,,,,,,,,,,0.02178,,,,,,,,,,,,,,,,,,,,,,,,,,,,0.0009899999999999996,0.0099,0.0126,0.0,,0.0,0.004,,,,,,,,,,,,,,,,,,,,,,,,,,,,,,,,,,,,,,,,,,,,,,,,,,,,,,,,,,,,,,,,,,,,,,,,,,,,,,,,,,,,,,,,,,,,,,,
2050-08-27 13:00:00,,,,,,,,,,,,0.0003,,,,,,,,,,,,0.030690000000000002,,,,,,,,,,,,,,,,,,,,,,,,,,,,0.0009899999999999996,0.0099,0.0126,0.0,,0.0,0.004,,,,,,,,,,,,,,,,,,,,,,,,,,,,,,,,,,,,,,,,,,,,,,,,,,,,,,,,,,,,,,,,,,,,,,,,,,,,,,,,,,,,,,,,,,,,,,,
2050-08-27 14:00:00,,,,,,,,,,,,0.0003,,,,,,,,,,,,0.0396,,,,,,,,,,,,,,,,,,,,,,,,,,,,0.0099,0.0099,0.0126,0.0,,0.0,0.004,,,,,,,,,,,,,,,,,,,,,,,,,,,,,,,,,,,,,,,,,,,,,,,,,,,,,,,,,,,,,,,,,,,,,,,,,,,,,,,,,,,,,,,,,,,,,,,
2050-08-27 15:00:00,,,,,,,,,,,,0.0003,,,,,,,,,,,,0.0396,,,,,,,,,,,,,,,,,,,,,,,,,,,,0.0099,0.0099,0.0126,0.0007,,0.0136,0.004,,,,,,,,,,,,,,,,,,,,,,,,,,,,,,,,,,,,,,,,,,,,,,,,,,,,,,,,,,,,,,,,,,,,,,,,,,,,,,,,,,,,,,,,,,,,,,,
2050-08-27 16:00:00,,,,,,,,,,,,0.0003,,,,,,,,,,,,0.0396,,,,,,,,,,,,,,,,,,,,,,,,,,,,0.0099,0.0099,0.0126,0.0007,,0.0136,0.004,,,,,,,,,,,,,,,,,,,,,,,,,,,,,,,,,,,,,,,,,,,,,,,,,,,,,,,,,,,,,,,,,,,,,,,,,,,,,,,,,,,,,,,,,,,,,,,
2050-08-27 17:00:00,,,,,,,,,,,,0.0003,,,,,,,,,,,,0.0396,,,,,,,,,,,,,,,,,,,,,,,,,,,,0.0099,0.0099,0.0126,0.0007,,0.0136,0.004,,,,,,,,,,,,,,,,,,,,,,,,,,,,,,,,,,,,,,,,,,,,,,,,,,,,,,,,,,,,,,,,,,,,,,,,,,,,,,,,,,,,,,,,,,,,,,,
2050-08-27 18:00:00,,,,,,,,,,,,0.0003,,,,,,,,,,,,0.0396,,,,,,,,,,,,,,,,,,,,,,,,,,,,0.0099,0.0099,0.0126,0.0007,,0.0136,0.004,,,,,,,,,,,,,,,,,,,,,,,,,,,,,,,,,,,,,,,,,,,,,,,,,,,,,,,,,,,,,,,,,,,,,,,,,,,,,,,,,,,,,,,,,,,,,,,
2050-08-27 19:00:00,,,,,,,,,,,,0.0003,,,,,,,,,,,,0.0396,,,,,,,,,,,,,,,,,,,,,,,,,,,,0.0099,0.0099,0.0126,0.0007,,0.0136,0.004,,,,,,,,,,,,,,,,,,,,,,,,,,,,,,,,,,,,,,,,,,,,,,,,,,,,,,,,,,,,,,,,,,,,,,,,,,,,,,,,,,,,,,,,,,,,,,,
2050-08-27 20:00:00,,,,,,,,,,,,0.0003,,,,,,,,,,,,0.0396,,,,,,,,,,,,,,,,,,,,,,,,,,,,0.0099,0.0099,0.0126,0.0007,,0.0136,0.004,,,,,,,,,,,,,,,,,,,,,,,,,,,,,,,,,,,,,,,,,,,,,,,,,,,,,,,,,,,,,,,,,,,,,,,,,,,,,,,,,,,,,,,,,,,,,,,
2050-08-27 21:00:00,,,,,,,,,,,,0.0003,,,,,,,,,,,,0.0396,,,,,,,,,,,,,,,,,,,,,,,,,,,,0.0099,0.0099,0.0126,0.0007,,0.0136,0.004,,,,,,,,,,,,,,,,,,,,,,,,,,,,,,,,,,,,,,,,,,,,,,,,,,,,,,,,,,,,,,,,,,,,,,,,,,,,,,,,,,,,,,,,,,,,,,,
2050-08-27 22:00:00,,,,,,,,,,,,0.0003,,,,,,,,,,,,0.0396,,,,,,,,,,,,,,,,,,,,,,,,,,,,0.0099,0.0099,0.0126,0.0007,,0.0136,0.004,,,,,,,,,,,,,,,,,,,,,,,,,,,,,,,,,,,,,,,,,,,,,,,,,,,,,,,,,,,,,,,,,,,,,,,,,,,,,,,,,,,,,,,,,,,,,,,
2050-08-27 23:00:00,,,,,,,,,,,,0.0003,,,,,,,,,,,,0.0396,,,,,,,,,,,,,,,,,,,,,,,,,,,,0.0099,0.0099,0.0126,0.0007,,0.0136,0.004,,,,,,,,,,,,,,,,,,,,,,,,,,,,,,,,,,,,,,,,,,,,,,,,,,,,,,,,,,,,,,,,,,,,,,,,,,,,,,,,,,,,,,,,,,,,,,,
2050-08-28 00:00:00,,,,,,,,,,,,0.0003,,,,,,,,,,,,0.0396,,,,,,,,,,,,,,,,,,,,,,,,,,,,0.0099,0.0099,0.0126,0.0007,,0.0136,0.004,,,,,,,,,,,,,,,,,,,,,,,,,,,,,,,,,,,,,,,,,,,,,,,,,,,,,,,,,,,,,,,,,,,,,,,,,,,,,,,,,,,,,,,,,,,,,,,
2050-08-28 01:00:00,,,,,,,,,,,,0.0003,,,,,,,,,,,,0.0396,,,,,,,,,,,,,,,,,,,,,,,,,,,,0.0099,0.0099,0.0126,0.0007,,0.0136,0.004,,,,,,,,,,,,,,,,,,,,,,,,,,,,,,,,,,,,,,,,,,,,,,,,,,,,,,,,,,,,,,,,,,,,,,,,,,,,,,,,,,,,,,,,,,,,,,,
2050-08-28 02:00:00,,,,,,,,,,,,0.0003,,,,,,,,,,,,0.0396,,,,,,,,,,,,,,,,,,,,,,,,,,,,0.0099,0.0099,0.0126,0.0007,,0.0136,0.004,,,,,,,,,,,,,,,,,,,,,,,,,,,,,,,,,,,,,,,,,,,,,,,,,,,,,,,,,,,,,,,,,,,,,,,,,,,,,,,,,,,,,,,,,,,,,,,
2050-08-28 03:00:00,,,,,,,,,,,,0.0003,,,,,,,,,,,,0.0396,,,,,,,,,,,,,,,,,,,,,,,,,,,,0.0099,0.0099,0.0126,0.0007,,0.0136,0.004,,,,,,,,,,,,,,,,,,,,,,,,,,,,,,,,,,,,,,,,,,,,,,,,,,,,,,,,,,,,,,,,,,,,,,,,,,,,,,,,,,,,,,,,,,,,,,,
2050-08-28 04:00:00,,,,,,,,,,,,0.0003,,,,,,,,,,,,0.0396,,,,,,,,,,,,,,,,,,,,,,,,,,,,0.0099,0.0099,0.0126,0.0007,,0.0136,0.004,,,,,,,,,,,,,,,,,,,,,,,,,,,,,,,,,,,,,,,,,,,,,,,,,,,,,,,,,,,,,,,,,,,,,,,,,,,,,,,,,,,,,,,,,,,,,,,
2050-08-28 05:00:00,,,,,,,,,,,,0.0003,,,,,,,,,,,,0.0396,,,,,,,,,,,,,,,,,,,,,,,,,,,,0.0099,0.0099,0.0126,0.0007,,0.0136,0.004,,,,,,,,,,,,,,,,,,,,,,,,,,,,,,,,,,,,,,,,,,,,,,,,,,,,,,,,,,,,,,,,,,,,,,,,,,,,,,,,,,,,,,,,,,,,,,,
2050-08-28 06:00:00,,,,,,,,,,,,0.0003,,,,,,,,,,,,0.0396,,,,,,,,,,,,,,,,,,,,,,,,,,,,0.0099,0.0099,0.0126,0.0007,,0.0136,0.004,,,,,,,,,,,,,,,,,,,,,,,,,,,,,,,,,,,,,,,,,,,,,,,,,,,,,,,,,,,,,,,,,,,,,,,,,,,,,,,,,,,,,,,,,,,,,,,
2050-08-28 07:00:00,,,,,,,,,,,,0.0003,,,,,,,,,,,,0.0396,,,,,,,,,,,,,,,,,,,,,,,,,,,,0.0099,0.0099,0.0126,0.0007,,0.0136,0.004,,,,,,,,,,,,,,,,,,,,,,,,,,,,,,,,,,,,,,,,,,,,,,,,,,,,,,,,,,,,,,,,,,,,,,,,,,,,,,,,,,,,,,,,,,,,,,,
2050-08-28 08:00:00,,,,,,,,,,,,0.0003,,,,,,,,,,,,0.0396,,,,,,,,,,,,,,,,,,,,,,,,,,,,0.0099,0.0099,0.0126,0.0007,,0.0136,0.004,,,,,,,,,,,,,,,,,,,,,,,,,,,,,,,,,,,,,,,,,,,,,,,,,,,,,,,,,,,,,,,,,,,,,,,,,,,,,,,,,,,,,,,,,,,,,,,
2050-08-28 09:00:00,,,,,,,,,,,,0.0003,,,,,,,,,,,,0.0396,,,,,,,,,,,,,,,,,,,,,,,,,,,,0.0099,0.0099,0.0126,0.0007,,0.0136,0.004,,,,,,,,,,,,,,,,,,,,,,,,,,,,,,,,,,,,,,,,,,,,,,,,,,,,,,,,,,,,,,,,,,,,,,,,,,,,,,,,,,,,,,,,,,,,,,,
2050-08-28 10:00:00,,,,,,,,,,,,0.0003,,,,,,,,,,,,0.0396,,,,,,,,,,,,,,,,,,,,,,,,,,,,0.0099,0.0099,0.0126,0.0007,,0.0136,0.004,,,,,,,,,,,,,,,,,,,,,,,,,,,,,,,,,,,,,,,,,,,,,,,,,,,,,,,,,,,,,,,,,,,,,,,,,,,,,,,,,,,,,,,,,,,,,,,
2050-08-28 11:00:00,,,,,,,,,,,,0.0003,,,,,,,,,,,,0.0396,,,,,,,,,,,,,,,,,,,,,,,,,,,,0.0099,0.0099,0.0126,0.0007,,0.0136,0.004,,,,,,,,,,,,,,,,,,,,,,,,,,,,,,,,,,,,,,,,,,,,,,,,,,,,,,,,,,,,,,,,,,,,,,,,,,,,,,,,,,,,,,,,,,,,,,,
2050-08-28 12:00:00,,,,,,,,,,,,0.0003,,,,,,,,,,,,0.0396,,,,,,,,,,,,,,,,,,,,,,,,,,,,0.0099,0.0099,0.0126,0.0007,,0.0136,0.004,,,,,,,,,,,,,,,,,,,,,,,,,,,,,,,,,,,,,,,,,,,,,,,,,,,,,,,,,,,,,,,,,,,,,,,,,,,,,,,,,,,,,,,,,,,,,,,
2050-08-28 13:00:00,,,,,,,,,,,,0.0003,,,,,,,,,,,,0.0396,,,,,,,,,,,,,,,,,,,,,,,,,,,,0.0099,0.0099,0.0126,0.0007,,0.0136,0.004,,,,,,,,,,,,,,,,,,,,,,,,,,,,,,,,,,,,,,,,,,,,,,,,,,,,,,,,,,,,,,,,,,,,,,,,,,,,,,,,,,,,,,,,,,,,,,,
2050-08-28 14:00:00,,,,,,,,,,,,0.0003,,,,,,,,,,,,0.0396,,,,,,,,,,,,,,,,,,,,,,,,,,,,0.0099,0.0099,0.0126,0.0007,,0.0136,0.004,,,,,,,,,,,,,,,,,,,,,,,,,,,,,,,,,,,,,,,,,,,,,,,,,,,,,,,,,,,,,,,,,,,,,,,,,,,,,,,,,,,,,,,,,,,,,,,
2050-08-28 15:00:00,,,,,,,,,,,,0.0003,,,,,,,,,,,,0.0396,,,,,,,,,,,,,,,,,,,,,,,,,,,,0.0099,0.0099,0.0126,0.0007,,0.0136,0.004,,,,,,,,,,,,,,,,,,,,,,,,,,,,,,,,,,,,,,,,,,,,,,,,,,,,,,,,,,,,,,,,,,,,,,,,,,,,,,,,,,,,,,,,,,,,,,,
2050-08-28 16:00:00,,,,,,,,,,,,0.0003,,,,,,,,,,,,0.0396,,,,,,,,,,,,,,,,,,,,,,,,,,,,0.0099,0.0099,0.0126,0.0007,,0.0136,0.004,,,,,,,,,,,,,,,,,,,,,,,,,,,,,,,,,,,,,,,,,,,,,,,,,,,,,,,,,,,,,,,,,,,,,,,,,,,,,,,,,,,,,,,,,,,,,,,
2050-08-28 17:00:00,,,,,,,,,,,,0.0003,,,,,,,,,,,,0.0286,,,,,,,,,,,,,,,,,,,,,,,,,,,,0.0,0.0,0.0,0.0,,0.0,0.004,,,,,,,,,,,,,,,,,,,,,,,,,,,,,,,,,,,,,,,,,,,,,,,,,,,,,,,,,,,,,,,,,,,,,,,,,,,,,,,,,,,,,,,,,,,,,,,
2050-08-28 18:00:00,,,,,,,,,,,,0.0003,,,,,,,,,,,,0.017599999999999998,,,,,,,,,,,,,,,,,,,,,,,,,,,,0.0,0.0,0.0,0.0,,0.0,0.004,,,,,,,,,,,,,,,,,,,,,,,,,,,,,,,,,,,,,,,,,,,,,,,,,,,,,,,,,,,,,,,,,,,,,,,,,,,,,,,,,,,,,,,,,,,,,,,
2050-08-28 19:00:00,,,,,,,,,,,,0.0003,,,,,,,,,,,,0.017599999999999998,,,,,,,,,,,,,,,,,,,,,,,,,,,,0.0,0.0,0.0,0.0,,0.0,0.004,,,,,,,,,,,,,,,,,,,,,,,,,,,,,,,,,,,,,,,,,,,,,,,,,,,,,,,,,,,,,,,,,,,,,,,,,,,,,,,,,,,,,,,,,,,,,,,
2050-08-28 20:00:00,,,,,,,,,,,,0.0003,,,,,,,,,,,,0.011000000000000001,,,,,,,,,,,,,,,,,,,,,,,,,,,,0.0,0.0,0.0,0.0,,0.0,0.004,,,,,,,,,,,,,,,,,,,,,,,,,,,,,,,,,,,,,,,,,,,,,,,,,,,,,,,,,,,,,,,,,,,,,,,,,,,,,,,,,,,,,,,,,,,,,,,
2050-08-28 21:00:00,,,,,,,,,,,,0.0003,,,,,,,,,,,,0.011000000000000001,,,,,,,,,,,,,,,,,,,,,,,,,,,,0.0,0.0,0.0,0.0,,0.0,0.004,,,,,,,,,,,,,,,,,,,,,,,,,,,,,,,,,,,,,,,,,,,,,,,,,,,,,,,,,,,,,,,,,,,,,,,,,,,,,,,,,,,,,,,,,,,,,,,
2050-08-28 22:00:00,,,,,,,,,,,,0.0003,,,,,,,,,,,,0.011000000000000001,,,,,,,,,,,,,,,,,,,,,,,,,,,,0.0,0.0,0.0,0.0,,0.0,0.0,,,,,,,,,,,,,,,,,,,,,,,,,,,,,,,,,,,,,,,,,,,,,,,,,,,,,,,,,,,,,,,,,,,,,,,,,,,,,,,,,,,,,,,,,,,,,,,
2050-08-28 23:00:00,,,,,,,,,,,,0.0,,,,,,,,,,,,0.0,,,,,,,,,,,,,,,,,,,,,,,,,,,,0.0,0.0,0.0,0.0,,0.0,0.0,,,,,,,,,,,,,,,,,,,,,,,,,,,,,,,,,,,,,,,,,,,,,,,,,,,,,,,,,,,,,,,,,,,,,,,,,,,,,,,,,,,,,,,,,,,,,,,
2050-11-06 00:00:00,,,,,,,,,,,,2.9999999999999997e-05,,,,,,,,,,,,0.003960000000000001,,,,,,,,,,,,,,,,,,,,,,,,,,,,0.0009900000000000002,0.0009900000000000002,0.00126,7.000000000000001e-05,,0.00136,0.0004,,,,,,,,,,,,,,,,,,,,,,,,,,,,,,,,,,,,,,,,,,,,,,,,,,,,,,,,,,,,,,,,,,,,,,,,,,,,,,,,,,,,,,,,,,,,,,,
2050-11-06 01:00:00,,,,,,,,,,,,2.9999999999999997e-05,,,,,,,,,,,,0.003960000000000001,,,,,,,,,,,,,,,,,,,,,,,,,,,,0.0009900000000000002,0.0009900000000000002,0.00126,7.000000000000001e-05,,0.00136,0.0004,,,,,,,,,,,,,,,,,,,,,,,,,,,,,,,,,,,,,,,,,,,,,,,,,,,,,,,,,,,,,,,,,,,,,,,,,,,,,,,,,,,,,,,,,,,,,,,
2050-11-06 02:00:00,,,,,,,,,,,,2.9999999999999997e-05,,,,,,,,,,,,0.003960000000000001,,,,,,,,,,,,,,,,,,,,,,,,,,,,0.0009900000000000002,0.0009900000000000002,0.00126,7.000000000000001e-05,,0.0,0.0004,,,,,,,,,,,,,,,,,,,,,,,,,,,,,,,,,,,,,,,,,,,,,,,,,,,,,,,,,,,,,,,,,,,,,,,,,,,,,,,,,,,,,,,,,,,,,,,
2050-11-06 03:00:00,,,,,,,,,,,,2.9999999999999997e-05,,,,,,,,,,,,0.003960000000000001,,,,,,,,,,,,,,,,,,,,,,,,,,,,0.0009900000000000002,0.0009900000000000002,0.0,7.000000000000001e-05,,0.0,0.0004,,,,,,,,,,,,,,,,,,,,,,,,,,,,,,,,,,,,,,,,,,,,,,,,,,,,,,,,,,,,,,,,,,,,,,,,,,,,,,,,,,,,,,,,,,,,,,,
2050-11-06 04:00:00,,,,,,,,,,,,0.0,,,,,,,,,,,,0.003960000000000001,,,,,,,,,,,,,,,,,,,,,,,,,,,,0.0,0.0,0.0,0.0,,0.0,0.0004,,,,,,,,,,,,,,,,,,,,,,,,,,,,,,,,,,,,,,,,,,,,,,,,,,,,,,,,,,,,,,,,,,,,,,,,,,,,,,,,,,,,,,,,,,,,,,,
2050-11-06 05:00:00,,,,,,,,,,,,0.0,,,,,,,,,,,,0.0,,,,,,,,,,,,,,,,,,,,,,,,,,,,0.0,0.0,0.0,0.0,,0.0,0.0004,,,,,,,,,,,,,,,,,,,,,,,,,,,,,,,,,,,,,,,,,,,,,,,,,,,,,,,,,,,,,,,,,,,,,,,,,,,,,,,,,,,,,,,,,,,,,,,
2050-11-06 06:00:00,,,,,,,,,,,,0.0,,,,,,,,,,,,0.0,,,,,,,,,,,,,,,,,,,,,,,,,,,,0.0,0.0,0.0,0.0,,0.0,0.0,,,,,,,,,,,,,,,,,,,,,,,,,,,,,,,,,,,,,,,,,,,,,,,,,,,,,,,,,,,,,,,,,,,,,,,,,,,,,,,,,,,,,,,,,,,,,,,
2050-11-06 07:00:00,,,,,,,,,,,,0.0,,,,,,,,,,,,0.0,,,,,,,,,,,,,,,,,,,,,,,,,,,,0.0,0.0,0.0,0.0,,0.0,0.0,,,,,,,,,,,,,,,,,,,,,,,,,,,,,,,,,,,,,,,,,,,,,,,,,,,,,,,,,,,,,,,,,,,,,,,,,,,,,,,,,,,,,,,,,,,,,,,
2050-11-06 08:00:00,,,,,,,,,,,,0.0,,,,,,,,,,,,0.0,,,,,,,,,,,,,,,,,,,,,,,,,,,,0.0,0.0,0.0,0.0,,0.0,0.0,,,,,,,,,,,,,,,,,,,,,,,,,,,,,,,,,,,,,,,,,,,,,,,,,,,,,,,,,,,,,,,,,,,,,,,,,,,,,,,,,,,,,,,,,,,,,,,
2050-11-06 09:00:00,,,,,,,,,,,,0.0,,,,,,,,,,,,0.0,,,,,,,,,,,,,,,,,,,,,,,,,,,,0.0,0.0,0.0,0.0,,0.0,0.0,,,,,,,,,,,,,,,,,,,,,,,,,,,,,,,,,,,,,,,,,,,,,,,,,,,,,,,,,,,,,,,,,,,,,,,,,,,,,,,,,,,,,,,,,,,,,,,
2050-11-06 10:00:00,,,,,,,,,,,,0.0,,,,,,,,,,,,0.0,,,,,,,,,,,,,,,,,,,,,,,,,,,,0.0,0.0,0.0,0.0,,0.0,0.0,,,,,,,,,,,,,,,,,,,,,,,,,,,,,,,,,,,,,,,,,,,,,,,,,,,,,,,,,,,,,,,,,,,,,,,,,,,,,,,,,,,,,,,,,,,,,,,
2050-11-06 11:00:00,,,,,,,,,,,,0.0,,,,,,,,,,,,0.0,,,,,,,,,,,,,,,,,,,,,,,,,,,,0.0,0.0,0.0,0.0,,0.0,0.0,,,,,,,,,,,,,,,,,,,,,,,,,,,,,,,,,,,,,,,,,,,,,,,,,,,,,,,,,,,,,,,,,,,,,,,,,,,,,,,,,,,,,,,,,,,,,,,
2050-11-06 12:00:00,,,,,,,,,,,,0.0,,,,,,,,,,,,0.0,,,,,,,,,,,,,,,,,,,,,,,,,,,,0.0,0.0,0.0,0.0,,0.0,0.0,,,,,,,,,,,,,,,,,,,,,,,,,,,,,,,,,,,,,,,,,,,,,,,,,,,,,,,,,,,,,,,,,,,,,,,,,,,,,,,,,,,,,,,,,,,,,,,
2050-11-06 13:00:00,,,,,,,,,,,,0.0,,,,,,,,,,,,0.0,,,,,,,,,,,,,,,,,,,,,,,,,,,,0.0,0.0,0.0,0.0,,0.0,0.0,,,,,,,,,,,,,,,,,,,,,,,,,,,,,,,,,,,,,,,,,,,,,,,,,,,,,,,,,,,,,,,,,,,,,,,,,,,,,,,,,,,,,,,,,,,,,,,
2050-11-06 14:00:00,,,,,,,,,,,,0.0,,,,,,,,,,,,0.0,,,,,,,,,,,,,,,,,,,,,,,,,,,,0.0,0.0,0.0,0.0,,0.0,0.0,,,,,,,,,,,,,,,,,,,,,,,,,,,,,,,,,,,,,,,,,,,,,,,,,,,,,,,,,,,,,,,,,,,,,,,,,,,,,,,,,,,,,,,,,,,,,,,
2050-11-06 15:00:00,,,,,,,,,,,,0.0,,,,,,,,,,,,0.0,,,,,,,,,,,,,,,,,,,,,,,,,,,,0.0,0.0,0.0,0.0,,0.0,0.0,,,,,,,,,,,,,,,,,,,,,,,,,,,,,,,,,,,,,,,,,,,,,,,,,,,,,,,,,,,,,,,,,,,,,,,,,,,,,,,,,,,,,,,,,,,,,,,
2050-11-06 16:00:00,,,,,,,,,,,,0.0,,,,,,,,,,,,0.0,,,,,,,,,,,,,,,,,,,,,,,,,,,,0.0,0.0,0.0,0.0,,0.0,0.0,,,,,,,,,,,,,,,,,,,,,,,,,,,,,,,,,,,,,,,,,,,,,,,,,,,,,,,,,,,,,,,,,,,,,,,,,,,,,,,,,,,,,,,,,,,,,,,
2050-11-06 17:00:00,,,,,,,,,,,,0.0,,,,,,,,,,,,0.0,,,,,,,,,,,,,,,,,,,,,,,,,,,,0.0,0.0,0.0,0.0,,0.0,0.0,,,,,,,,,,,,,,,,,,,,,,,,,,,,,,,,,,,,,,,,,,,,,,,,,,,,,,,,,,,,,,,,,,,,,,,,,,,,,,,,,,,,,,,,,,,,,,,
2050-11-06 18:00:00,,,,,,,,,,,,0.0,,,,,,,,,,,,0.0,,,,,,,,,,,,,,,,,,,,,,,,,,,,0.0,0.0,0.0,0.0,,0.0,0.0,,,,,,,,,,,,,,,,,,,,,,,,,,,,,,,,,,,,,,,,,,,,,,,,,,,,,,,,,,,,,,,,,,,,,,,,,,,,,,,,,,,,,,,,,,,,,,,
2050-11-06 19:00:00,,,,,,,,,,,,0.0,,,,,,,,,,,,0.0,,,,,,,,,,,,,,,,,,,,,,,,,,,,0.0,0.0,0.0,0.0,,0.0,0.0,,,,,,,,,,,,,,,,,,,,,,,,,,,,,,,,,,,,,,,,,,,,,,,,,,,,,,,,,,,,,,,,,,,,,,,,,,,,,,,,,,,,,,,,,,,,,,,
2050-11-06 20:00:00,,,,,,,,,,,,0.0,,,,,,,,,,,,0.0,,,,,,,,,,,,,,,,,,,,,,,,,,,,0.0,0.0,0.0,0.0,,0.0,0.0,,,,,,,,,,,,,,,,,,,,,,,,,,,,,,,,,,,,,,,,,,,,,,,,,,,,,,,,,,,,,,,,,,,,,,,,,,,,,,,,,,,,,,,,,,,,,,,
2050-11-06 21:00:00,,,,,,,,,,,,0.0,,,,,,,,,,,,0.0,,,,,,,,,,,,,,,,,,,,,,,,,,,,0.0,0.0,0.0,0.0,,0.0,0.0,,,,,,,,,,,,,,,,,,,,,,,,,,,,,,,,,,,,,,,,,,,,,,,,,,,,,,,,,,,,,,,,,,,,,,,,,,,,,,,,,,,,,,,,,,,,,,,
2050-11-06 22:00:00,,,,,,,,,,,,0.0,,,,,,,,,,,,0.0,,,,,,,,,,,,,,,,,,,,,,,,,,,,0.0,0.0,0.0,0.0,,0.0,0.0,,,,,,,,,,,,,,,,,,,,,,,,,,,,,,,,,,,,,,,,,,,,,,,,,,,,,,,,,,,,,,,,,,,,,,,,,,,,,,,,,,,,,,,,,,,,,,,
2050-11-06 23:00:00,,,,,,,,,,,,0.0,,,,,,,,,,,,0.0,,,,,,,,,,,,,,,,,,,,,,,,,,,,0.0,0.0,0.0,0.0,,0.0,0.0,,,,,,,,,,,,,,,,,,,,,,,,,,,,,,,,,,,,,,,,,,,,,,,,,,,,,,,,,,,,,,,,,,,,,,,,,,,,,,,,,,,,,,,,,,,,,,,
2050-11-07 00:00:00,,,,,,,,,,,,0.0,,,,,,,,,,,,0.0,,,,,,,,,,,,,,,,,,,,,,,,,,,,0.0,0.0,0.0,0.0,,0.0,0.0,,,,,,,,,,,,,,,,,,,,,,,,,,,,,,,,,,,,,,,,,,,,,,,,,,,,,,,,,,,,,,,,,,,,,,,,,,,,,,,,,,,,,,,,,,,,,,,
2050-11-07 01:00:00,,,,,,,,,,,,0.0,,,,,,,,,,,,0.0,,,,,,,,,,,,,,,,,,,,,,,,,,,,0.0,0.0,0.0,0.0,,0.0,0.0,,,,,,,,,,,,,,,,,,,,,,,,,,,,,,,,,,,,,,,,,,,,,,,,,,,,,,,,,,,,,,,,,,,,,,,,,,,,,,,,,,,,,,,,,,,,,,,
2050-11-07 02:00:00,,,,,,,,,,,,0.0,,,,,,,,,,,,0.0,,,,,,,,,,,,,,,,,,,,,,,,,,,,0.0,0.0,0.0,0.0,,0.0,0.0,,,,,,,,,,,,,,,,,,,,,,,,,,,,,,,,,,,,,,,,,,,,,,,,,,,,,,,,,,,,,,,,,,,,,,,,,,,,,,,,,,,,,,,,,,,,,,,
2050-11-07 03:00:00,,,,,,,,,,,,0.0,,,,,,,,,,,,0.0,,,,,,,,,,,,,,,,,,,,,,,,,,,,0.0,0.0,0.0,0.0,,0.0,0.0,,,,,,,,,,,,,,,,,,,,,,,,,,,,,,,,,,,,,,,,,,,,,,,,,,,,,,,,,,,,,,,,,,,,,,,,,,,,,,,,,,,,,,,,,,,,,,,
2050-11-07 04:00:00,,,,,,,,,,,,0.0,,,,,,,,,,,,0.0,,,,,,,,,,,,,,,,,,,,,,,,,,,,0.0,0.0,0.0,0.0,,0.0,0.0,,,,,,,,,,,,,,,,,,,,,,,,,,,,,,,,,,,,,,,,,,,,,,,,,,,,,,,,,,,,,,,,,,,,,,,,,,,,,,,,,,,,,,,,,,,,,,,
2050-11-07 05:00:00,,,,,,,,,,,,0.0,,,,,,,,,,,,0.0,,,,,,,,,,,,,,,,,,,,,,,,,,,,0.0,0.0,0.0,0.0,,0.0,0.0,,,,,,,,,,,,,,,,,,,,,,,,,,,,,,,,,,,,,,,,,,,,,,,,,,,,,,,,,,,,,,,,,,,,,,,,,,,,,,,,,,,,,,,,,,,,,,,
2050-11-07 06:00:00,,,,,,,,,,,,0.0,,,,,,,,,,,,0.0,,,,,,,,,,,,,,,,,,,,,,,,,,,,0.0,0.0,0.0,0.0,,0.0,0.0,,,,,,,,,,,,,,,,,,,,,,,,,,,,,,,,,,,,,,,,,,,,,,,,,,,,,,,,,,,,,,,,,,,,,,,,,,,,,,,,,,,,,,,,,,,,,,,
2050-11-07 07:00:00,,,,,,,,,,,,0.0,,,,,,,,,,,,0.0,,,,,,,,,,,,,,,,,,,,,,,,,,,,0.0,0.0,0.0,0.0,,0.0,0.0,,,,,,,,,,,,,,,,,,,,,,,,,,,,,,,,,,,,,,,,,,,,,,,,,,,,,,,,,,,,,,,,,,,,,,,,,,,,,,,,,,,,,,,,,,,,,,,
2050-11-07 08:00:00,,,,,,,,,,,,0.0,,,,,,,,,,,,0.0,,,,,,,,,,,,,,,,,,,,,,,,,,,,0.0,0.0,0.0,0.0,,0.0,0.0,,,,,,,,,,,,,,,,,,,,,,,,,,,,,,,,,,,,,,,,,,,,,,,,,,,,,,,,,,,,,,,,,,,,,,,,,,,,,,,,,,,,,,,,,,,,,,,
2050-11-07 09:00:00,,,,,,,,,,,,0.0003,,,,,,,,,,,,0.008910000000000001,,,,,,,,,,,,,,,,,,,,,,,,,,,,0.008910000000000001,0.008910000000000001,0.0126,0.0,,0.0136,0.0036000000000000003,,,,,,,,,,,,,,,,,,,,,,,,,,,,,,,,,,,,,,,,,,,,,,,,,,,,,,,,,,,,,,,,,,,,,,,,,,,,,,,,,,,,,,,,,,,,,,,
2050-11-07 10:00:00,,,,,,,,,,,,0.0003,,,,,,,,,,,,0.017820000000000003,,,,,,,,,,,,,,,,,,,,,,,,,,,,0.008910000000000001,0.008910000000000001,0.0126,0.0,,0.0136,0.0036000000000000003,,,,,,,,,,,,,,,,,,,,,,,,,,,,,,,,,,,,,,,,,,,,,,,,,,,,,,,,,,,,,,,,,,,,,,,,,,,,,,,,,,,,,,,,,,,,,,,
2050-11-07 11:00:00,,,,,,,,,,,,0.0003,,,,,,,,,,,,0.026730000000000004,,,,,,,,,,,,,,,,,,,,,,,,,,,,0.008910000000000001,0.008910000000000001,0.0126,0.0,,0.0136,0.0036000000000000003,,,,,,,,,,,,,,,,,,,,,,,,,,,,,,,,,,,,,,,,,,,,,,,,,,,,,,,,,,,,,,,,,,,,,,,,,,,,,,,,,,,,,,,,,,,,,,,
2050-11-07 12:00:00,,,,,,,,,,,,0.0003,,,,,,,,,,,,0.026730000000000004,,,,,,,,,,,,,,,,,,,,,,,,,,,,0.008910000000000001,0.008910000000000001,0.0126,0.0,,0.0136,0.0036000000000000003,,,,,,,,,,,,,,,,,,,,,,,,,,,,,,,,,,,,,,,,,,,,,,,,,,,,,,,,,,,,,,,,,,,,,,,,,,,,,,,,,,,,,,,,,,,,,,,
2050-11-07 13:00:00,,,,,,,,,,,,0.0003,,,,,,,,,,,,0.035640000000000005,,,,,,,,,,,,,,,,,,,,,,,,,,,,0.008910000000000001,0.008910000000000001,0.0126,0.0,,0.0136,0.0036000000000000003,,,,,,,,,,,,,,,,,,,,,,,,,,,,,,,,,,,,,,,,,,,,,,,,,,,,,,,,,,,,,,,,,,,,,,,,,,,,,,,,,,,,,,,,,,,,,,,
2050-11-07 14:00:00,,,,,,,,,,,,0.0003,,,,,,,,,,,,0.035640000000000005,,,,,,,,,,,,,,,,,,,,,,,,,,,,0.008910000000000001,0.008910000000000001,0.0126,0.0,,0.0136,0.0036000000000000003,,,,,,,,,,,,,,,,,,,,,,,,,,,,,,,,,,,,,,,,,,,,,,,,,,,,,,,,,,,,,,,,,,,,,,,,,,,,,,,,,,,,,,,,,,,,,,,
2050-11-07 15:00:00,,,,,,,,,,,,0.0003,,,,,,,,,,,,0.0396,,,,,,,,,,,,,,,,,,,,,,,,,,,,0.0099,0.0099,0.0126,0.0007,,0.0136,0.004,,,,,,,,,,,,,,,,,,,,,,,,,,,,,,,,,,,,,,,,,,,,,,,,,,,,,,,,,,,,,,,,,,,,,,,,,,,,,,,,,,,,,,,,,,,,,,,
2050-11-07 16:00:00,,,,,,,,,,,,0.0,,,,,,,,,,,,0.0286,,,,,,,,,,,,,,,,,,,,,,,,,,,,0.0,0.0,0.0,0.0007,,0.0,0.0,,,,,,,,,,,,,,,,,,,,,,,,,,,,,,,,,,,,,,,,,,,,,,,,,,,,,,,,,,,,,,,,,,,,,,,,,,,,,,,,,,,,,,,,,,,,,,,
2050-11-07 17:00:00,,,,,,,,,,,,0.0,,,,,,,,,,,,0.0286,,,,,,,,,,,,,,,,,,,,,,,,,,,,0.0,0.0,0.0,0.0007,,0.0,0.0,,,,,,,,,,,,,,,,,,,,,,,,,,,,,,,,,,,,,,,,,,,,,,,,,,,,,,,,,,,,,,,,,,,,,,,,,,,,,,,,,,,,,,,,,,,,,,,
2050-11-07 18:00:00,,,,,,,,,,,,0.0,,,,,,,,,,,,0.0286,,,,,,,,,,,,,,,,,,,,,,,,,,,,0.0,0.0,0.0,0.0007,,0.0,0.0,,,,,,,,,,,,,,,,,,,,,,,,,,,,,,,,,,,,,,,,,,,,,,,,,,,,,,,,,,,,,,,,,,,,,,,,,,,,,,,,,,,,,,,,,,,,,,,
2050-11-07 19:00:00,,,,,,,,,,,,0.0,,,,,,,,,,,,0.0286,,,,,,,,,,,,,,,,,,,,,,,,,,,,0.0,0.0,0.0,0.0007,,0.0,0.0,,,,,,,,,,,,,,,,,,,,,,,,,,,,,,,,,,,,,,,,,,,,,,,,,,,,,,,,,,,,,,,,,,,,,,,,,,,,,,,,,,,,,,,,,,,,,,,
2050-11-07 20:00:00,,,,,,,,,,,,0.0,,,,,,,,,,,,0.0286,,,,,,,,,,,,,,,,,,,,,,,,,,,,0.0,0.0,0.0,0.0007,,0.0,0.0,,,,,,,,,,,,,,,,,,,,,,,,,,,,,,,,,,,,,,,,,,,,,,,,,,,,,,,,,,,,,,,,,,,,,,,,,,,,,,,,,,,,,,,,,,,,,,,
2050-11-07 21:00:00,,,,,,,,,,,,0.0,,,,,,,,,,,,0.0286,,,,,,,,,,,,,,,,,,,,,,,,,,,,0.0,0.0,0.0,0.0007,,0.0,0.0,,,,,,,,,,,,,,,,,,,,,,,,,,,,,,,,,,,,,,,,,,,,,,,,,,,,,,,,,,,,,,,,,,,,,,,,,,,,,,,,,,,,,,,,,,,,,,,
2050-11-07 22:00:00,,,,,,,,,,,,0.0,,,,,,,,,,,,0.022000000000000002,,,,,,,,,,,,,,,,,,,,,,,,,,,,0.0,0.0,0.0,0.0007,,0.0,0.0,,,,,,,,,,,,,,,,,,,,,,,,,,,,,,,,,,,,,,,,,,,,,,,,,,,,,,,,,,,,,,,,,,,,,,,,,,,,,,,,,,,,,,,,,,,,,,,
2050-11-07 23:00:00,,,,,,,,,,,,0.0,,,,,,,,,,,,0.022000000000000002,,,,,,,,,,,,,,,,,,,,,,,,,,,,0.0,0.0,0.0,0.0007,,0.0,0.0,,,,,,,,,,,,,,,,,,,,,,,,,,,,,,,,,,,,,,,,,,,,,,,,,,,,,,,,,,,,,,,,,,,,,,,,,,,,,,,,,,,,,,,,,,,,,,,
2050-11-08 00:00:00,,,,,,,,,,,,0.0,,,,,,,,,,,,0.022000000000000002,,,,,,,,,,,,,,,,,,,,,,,,,,,,0.0,0.0,0.0,0.0007,,0.0,0.0,,,,,,,,,,,,,,,,,,,,,,,,,,,,,,,,,,,,,,,,,,,,,,,,,,,,,,,,,,,,,,,,,,,,,,,,,,,,,,,,,,,,,,,,,,,,,,,
2050-11-08 01:00:00,,,,,,,,,,,,0.0,,,,,,,,,,,,0.022000000000000002,,,,,,,,,,,,,,,,,,,,,,,,,,,,0.0,0.0,0.0,0.0007,,0.0,0.0,,,,,,,,,,,,,,,,,,,,,,,,,,,,,,,,,,,,,,,,,,,,,,,,,,,,,,,,,,,,,,,,,,,,,,,,,,,,,,,,,,,,,,,,,,,,,,,
2050-11-08 02:00:00,,,,,,,,,,,,0.0,,,,,,,,,,,,0.022000000000000002,,,,,,,,,,,,,,,,,,,,,,,,,,,,0.0,0.0,0.0,0.0007,,0.0,0.0,,,,,,,,,,,,,,,,,,,,,,,,,,,,,,,,,,,,,,,,,,,,,,,,,,,,,,,,,,,,,,,,,,,,,,,,,,,,,,,,,,,,,,,,,,,,,,,
2050-11-08 03:00:00,,,,,,,,,,,,0.0,,,,,,,,,,,,0.022000000000000002,,,,,,,,,,,,,,,,,,,,,,,,,,,,0.0,0.0,0.0,0.0007,,0.0,0.0,,,,,,,,,,,,,,,,,,,,,,,,,,,,,,,,,,,,,,,,,,,,,,,,,,,,,,,,,,,,,,,,,,,,,,,,,,,,,,,,,,,,,,,,,,,,,,,
2050-11-08 04:00:00,,,,,,,,,,,,0.0,,,,,,,,,,,,0.022000000000000002,,,,,,,,,,,,,,,,,,,,,,,,,,,,0.0,0.0,0.0,0.0007,,0.0,0.0,,,,,,,,,,,,,,,,,,,,,,,,,,,,,,,,,,,,,,,,,,,,,,,,,,,,,,,,,,,,,,,,,,,,,,,,,,,,,,,,,,,,,,,,,,,,,,,
2050-11-08 05:00:00,,,,,,,,,,,,0.0,,,,,,,,,,,,0.011000000000000001,,,,,,,,,,,,,,,,,,,,,,,,,,,,0.0,0.0,0.0,0.0007,,0.0,0.0,,,,,,,,,,,,,,,,,,,,,,,,,,,,,,,,,,,,,,,,,,,,,,,,,,,,,,,,,,,,,,,,,,,,,,,,,,,,,,,,,,,,,,,,,,,,,,,
2050-11-08 06:00:00,,,,,,,,,,,,0.0,,,,,,,,,,,,0.011000000000000001,,,,,,,,,,,,,,,,,,,,,,,,,,,,0.0,0.0,0.0,0.0007,,0.0,0.0,,,,,,,,,,,,,,,,,,,,,,,,,,,,,,,,,,,,,,,,,,,,,,,,,,,,,,,,,,,,,,,,,,,,,,,,,,,,,,,,,,,,,,,,,,,,,,,
2050-11-08 07:00:00,,,,,,,,,,,,0.0,,,,,,,,,,,,0.0,,,,,,,,,,,,,,,,,,,,,,,,,,,,0.0,0.0,0.0,0.0007,,0.0,0.0,,,,,,,,,,,,,,,,,,,,,,,,,,,,,,,,,,,,,,,,,,,,,,,,,,,,,,,,,,,,,,,,,,,,,,,,,,,,,,,,,,,,,,,,,,,,,,,
2050-11-08 08:00:00,,,,,,,,,,,,0.0,,,,,,,,,,,,0.0,,,,,,,,,,,,,,,,,,,,,,,,,,,,0.0,0.0,0.0,0.0,,0.0,0.0,,,,,,,,,,,,,,,,,,,,,,,,,,,,,,,,,,,,,,,,,,,,,,,,,,,,,,,,,,,,,,,,,,,,,,,,,,,,,,,,,,,,,,,,,,,,,,,
2050-11-08 09:00:00,,,,,,,,,,,,0.0,,,,,,,,,,,,0.0,,,,,,,,,,,,,,,,,,,,,,,,,,,,0.0,0.0,0.0,0.0,,0.0,0.0,,,,,,,,,,,,,,,,,,,,,,,,,,,,,,,,,,,,,,,,,,,,,,,,,,,,,,,,,,,,,,,,,,,,,,,,,,,,,,,,,,,,,,,,,,,,,,,
2050-11-08 10:00:00,,,,,,,,,,,,0.0003,,,,,,,,,,,,0.008910000000000001,,,,,,,,,,,,,,,,,,,,,,,,,,,,0.0,0.0,0.0,0.0,,0.0,0.0,,,,,,,,,,,,,,,,,,,,,,,,,,,,,,,,,,,,,,,,,,,,,,,,,,,,,,,,,,,,,,,,,,,,,,,,,,,,,,,,,,,,,,,,,,,,,,,
2050-11-08 11:00:00,,,,,,,,,,,,0.0003,,,,,,,,,,,,0.017820000000000003,,,,,,,,,,,,,,,,,,,,,,,,,,,,0.0,0.0,0.0,0.0,,0.0,0.0,,,,,,,,,,,,,,,,,,,,,,,,,,,,,,,,,,,,,,,,,,,,,,,,,,,,,,,,,,,,,,,,,,,,,,,,,,,,,,,,,,,,,,,,,,,,,,,
2050-11-08 12:00:00,,,,,,,,,,,,0.0003,,,,,,,,,,,,0.017820000000000003,,,,,,,,,,,,,,,,,,,,,,,,,,,,0.0,0.0,0.0,0.0,,0.0,0.0,,,,,,,,,,,,,,,,,,,,,,,,,,,,,,,,,,,,,,,,,,,,,,,,,,,,,,,,,,,,,,,,,,,,,,,,,,,,,,,,,,,,,,,,,,,,,,,
2050-11-08 13:00:00,,,,,,,,,,,,0.0003,,,,,,,,,,,,0.017820000000000003,,,,,,,,,,,,,,,,,,,,,,,,,,,,0.0,0.0,0.0,0.0,,0.0,0.0,,,,,,,,,,,,,,,,,,,,,,,,,,,,,,,,,,,,,,,,,,,,,,,,,,,,,,,,,,,,,,,,,,,,,,,,,,,,,,,,,,,,,,,,,,,,,,,
2050-11-08 14:00:00,,,,,,,,,,,,0.0003,,,,,,,,,,,,0.017820000000000003,,,,,,,,,,,,,,,,,,,,,,,,,,,,0.0,0.0,0.0,0.0,,0.0,0.0,,,,,,,,,,,,,,,,,,,,,,,,,,,,,,,,,,,,,,,,,,,,,,,,,,,,,,,,,,,,,,,,,,,,,,,,,,,,,,,,,,,,,,,,,,,,,,,
2050-11-08 15:00:00,,,,,,,,,,,,0.0003,,,,,,,,,,,,0.006820000000000001,,,,,,,,,,,,,,,,,,,,,,,,,,,,0.0,0.0,0.0,0.0,,0.0,0.0,,,,,,,,,,,,,,,,,,,,,,,,,,,,,,,,,,,,,,,,,,,,,,,,,,,,,,,,,,,,,,,,,,,,,,,,,,,,,,,,,,,,,,,,,,,,,,,
2050-11-08 16:00:00,,,,,,,,,,,,0.0003,,,,,,,,,,,,0.006820000000000001,,,,,,,,,,,,,,,,,,,,,,,,,,,,0.0,0.0,0.0,0.0,,0.0,0.0,,,,,,,,,,,,,,,,,,,,,,,,,,,,,,,,,,,,,,,,,,,,,,,,,,,,,,,,,,,,,,,,,,,,,,,,,,,,,,,,,,,,,,,,,,,,,,,
2050-11-08 17:00:00,,,,,,,,,,,,0.0003,,,,,,,,,,,,0.006820000000000001,,,,,,,,,,,,,,,,,,,,,,,,,,,,0.0,0.0,0.0,0.0,,0.0,0.0,,,,,,,,,,,,,,,,,,,,,,,,,,,,,,,,,,,,,,,,,,,,,,,,,,,,,,,,,,,,,,,,,,,,,,,,,,,,,,,,,,,,,,,,,,,,,,,
2050-11-08 18:00:00,,,,,,,,,,,,0.0003,,,,,,,,,,,,0.006820000000000001,,,,,,,,,,,,,,,,,,,,,,,,,,,,0.0,0.0,0.0,0.0,,0.0,0.0,,,,,,,,,,,,,,,,,,,,,,,,,,,,,,,,,,,,,,,,,,,,,,,,,,,,,,,,,,,,,,,,,,,,,,,,,,,,,,,,,,,,,,,,,,,,,,,
2050-11-08 19:00:00,,,,,,,,,,,,0.0003,,,,,,,,,,,,0.006820000000000001,,,,,,,,,,,,,,,,,,,,,,,,,,,,0.0,0.0,0.0,0.0,,0.0,0.0,,,,,,,,,,,,,,,,,,,,,,,,,,,,,,,,,,,,,,,,,,,,,,,,,,,,,,,,,,,,,,,,,,,,,,,,,,,,,,,,,,,,,,,,,,,,,,,
2050-11-08 20:00:00,,,,,,,,,,,,0.0003,,,,,,,,,,,,0.006820000000000001,,,,,,,,,,,,,,,,,,,,,,,,,,,,0.0,0.0,0.0,0.0,,0.0,0.0,,,,,,,,,,,,,,,,,,,,,,,,,,,,,,,,,,,,,,,,,,,,,,,,,,,,,,,,,,,,,,,,,,,,,,,,,,,,,,,,,,,,,,,,,,,,,,,
2050-11-08 21:00:00,,,,,,,,,,,,0.0003,,,,,,,,,,,,0.006820000000000001,,,,,,,,,,,,,,,,,,,,,,,,,,,,0.0,0.0,0.0,0.0,,0.0,0.0,,,,,,,,,,,,,,,,,,,,,,,,,,,,,,,,,,,,,,,,,,,,,,,,,,,,,,,,,,,,,,,,,,,,,,,,,,,,,,,,,,,,,,,,,,,,,,,
2050-11-08 22:00:00,,,,,,,,,,,,0.0003,,,,,,,,,,,,0.006820000000000001,,,,,,,,,,,,,,,,,,,,,,,,,,,,0.0,0.0,0.0,0.0,,0.0,0.0,,,,,,,,,,,,,,,,,,,,,,,,,,,,,,,,,,,,,,,,,,,,,,,,,,,,,,,,,,,,,,,,,,,,,,,,,,,,,,,,,,,,,,,,,,,,,,,
2050-11-08 23:00:00,,,,,,,,,,,,0.0,,,,,,,,,,,,0.0,,,,,,,,,,,,,,,,,,,,,,,,,,,,0.0,0.0,0.0,0.0,,0.0,0.0,,,,,,,,,,,,,,,,,,,,,,,,,,,,,,,,,,,,,,,,,,,,,,,,,,,,,,,,,,,,,,,,,,,,,,,,,,,,,,,,,,,,,,,,,,,,,,,
2050-12-13 00:00:00,,,,,,,,,,,,2.9999999999999997e-05,,,,,,,,,,,,0.003960000000000001,,,,,,,,,,,,,,,,,,,,,,,,,,,,0.0009900000000000002,0.0009900000000000002,0.00126,7.000000000000001e-05,,0.00136,0.0004,,,,,,,,,,,,,,,,,,,,,,,,,,,,,,,,,,,,,,,,,,,,,,,,,,,,,,,,,,,,,,,,,,,,,,,,,,,,,,,,,,,,,,,,,,,,,,,
2050-12-13 01:00:00,,,,,,,,,,,,2.9999999999999997e-05,,,,,,,,,,,,0.003960000000000001,,,,,,,,,,,,,,,,,,,,,,,,,,,,0.0009900000000000002,0.0009900000000000002,0.00126,7.000000000000001e-05,,0.00136,0.0004,,,,,,,,,,,,,,,,,,,,,,,,,,,,,,,,,,,,,,,,,,,,,,,,,,,,,,,,,,,,,,,,,,,,,,,,,,,,,,,,,,,,,,,,,,,,,,,
2050-12-13 02:00:00,,,,,,,,,,,,2.9999999999999997e-05,,,,,,,,,,,,0.003960000000000001,,,,,,,,,,,,,,,,,,,,,,,,,,,,0.0009900000000000002,0.0009900000000000002,0.00126,7.000000000000001e-05,,0.00136,0.0004,,,,,,,,,,,,,,,,,,,,,,,,,,,,,,,,,,,,,,,,,,,,,,,,,,,,,,,,,,,,,,,,,,,,,,,,,,,,,,,,,,,,,,,,,,,,,,,
2050-12-13 03:00:00,,,,,,,,,,,,2.9999999999999997e-05,,,,,,,,,,,,0.003960000000000001,,,,,,,,,,,,,,,,,,,,,,,,,,,,0.0009900000000000002,0.0009900000000000002,0.00126,7.000000000000001e-05,,0.00136,0.0004,,,,,,,,,,,,,,,,,,,,,,,,,,,,,,,,,,,,,,,,,,,,,,,,,,,,,,,,,,,,,,,,,,,,,,,,,,,,,,,,,,,,,,,,,,,,,,,
2050-12-13 04:00:00,,,,,,,,,,,,2.9999999999999997e-05,,,,,,,,,,,,0.003960000000000001,,,,,,,,,,,,,,,,,,,,,,,,,,,,0.0009900000000000002,0.0009900000000000002,0.00126,7.000000000000001e-05,,0.00136,0.0004,,,,,,,,,,,,,,,,,,,,,,,,,,,,,,,,,,,,,,,,,,,,,,,,,,,,,,,,,,,,,,,,,,,,,,,,,,,,,,,,,,,,,,,,,,,,,,,
2050-12-13 05:00:00,,,,,,,,,,,,0.0,,,,,,,,,,,,0.003960000000000001,,,,,,,,,,,,,,,,,,,,,,,,,,,,0.0,0.0,0.0,0.0,,0.00136,0.0004,,,,,,,,,,,,,,,,,,,,,,,,,,,,,,,,,,,,,,,,,,,,,,,,,,,,,,,,,,,,,,,,,,,,,,,,,,,,,,,,,,,,,,,,,,,,,,,
2050-12-13 06:00:00,,,,,,,,,,,,0.0,,,,,,,,,,,,0.0,,,,,,,,,,,,,,,,,,,,,,,,,,,,0.0,0.0,0.0,0.0,,0.0,0.0004,,,,,,,,,,,,,,,,,,,,,,,,,,,,,,,,,,,,,,,,,,,,,,,,,,,,,,,,,,,,,,,,,,,,,,,,,,,,,,,,,,,,,,,,,,,,,,,
2050-12-13 07:00:00,,,,,,,,,,,,0.0,,,,,,,,,,,,0.0,,,,,,,,,,,,,,,,,,,,,,,,,,,,0.0,0.0,0.0,0.0,,0.0,0.0,,,,,,,,,,,,,,,,,,,,,,,,,,,,,,,,,,,,,,,,,,,,,,,,,,,,,,,,,,,,,,,,,,,,,,,,,,,,,,,,,,,,,,,,,,,,,,,
2050-12-13 08:00:00,,,,,,,,,,,,0.0,,,,,,,,,,,,0.0,,,,,,,,,,,,,,,,,,,,,,,,,,,,0.0,0.0,0.0,0.0,,0.0,0.0,,,,,,,,,,,,,,,,,,,,,,,,,,,,,,,,,,,,,,,,,,,,,,,,,,,,,,,,,,,,,,,,,,,,,,,,,,,,,,,,,,,,,,,,,,,,,,,
2050-12-13 09:00:00,,,,,,,,,,,,0.0,,,,,,,,,,,,0.0,,,,,,,,,,,,,,,,,,,,,,,,,,,,0.0,0.0,0.0,0.0,,0.0,0.0,,,,,,,,,,,,,,,,,,,,,,,,,,,,,,,,,,,,,,,,,,,,,,,,,,,,,,,,,,,,,,,,,,,,,,,,,,,,,,,,,,,,,,,,,,,,,,,
2050-12-13 10:00:00,,,,,,,,,,,,0.0,,,,,,,,,,,,0.008910000000000001,,,,,,,,,,,,,,,,,,,,,,,,,,,,0.0,0.0,0.0,0.0,,0.0,0.0,,,,,,,,,,,,,,,,,,,,,,,,,,,,,,,,,,,,,,,,,,,,,,,,,,,,,,,,,,,,,,,,,,,,,,,,,,,,,,,,,,,,,,,,,,,,,,,
2050-12-13 11:00:00,,,,,,,,,,,,0.0003,,,,,,,,,,,,0.017820000000000003,,,,,,,,,,,,,,,,,,,,,,,,,,,,0.0009899999999999996,0.0009899999999999996,0.0,0.0,,0.0,0.00039999999999999975,,,,,,,,,,,,,,,,,,,,,,,,,,,,,,,,,,,,,,,,,,,,,,,,,,,,,,,,,,,,,,,,,,,,,,,,,,,,,,,,,,,,,,,,,,,,,,,
2050-12-13 12:00:00,,,,,,,,,,,,0.0003,,,,,,,,,,,,0.026730000000000004,,,,,,,,,,,,,,,,,,,,,,,,,,,,0.0099,0.0099,0.0126,0.0007,,0.0136,0.004,,,,,,,,,,,,,,,,,,,,,,,,,,,,,,,,,,,,,,,,,,,,,,,,,,,,,,,,,,,,,,,,,,,,,,,,,,,,,,,,,,,,,,,,,,,,,,,
2050-12-13 13:00:00,,,,,,,,,,,,0.0003,,,,,,,,,,,,0.035640000000000005,,,,,,,,,,,,,,,,,,,,,,,,,,,,0.0099,0.0099,0.0126,0.0007,,0.0136,0.004,,,,,,,,,,,,,,,,,,,,,,,,,,,,,,,,,,,,,,,,,,,,,,,,,,,,,,,,,,,,,,,,,,,,,,,,,,,,,,,,,,,,,,,,,,,,,,,
2050-12-13 14:00:00,,,,,,,,,,,,0.0003,,,,,,,,,,,,0.035640000000000005,,,,,,,,,,,,,,,,,,,,,,,,,,,,0.0099,0.0099,0.0126,0.0007,,0.0136,0.004,,,,,,,,,,,,,,,,,,,,,,,,,,,,,,,,,,,,,,,,,,,,,,,,,,,,,,,,,,,,,,,,,,,,,,,,,,,,,,,,,,,,,,,,,,,,,,,
2050-12-13 15:00:00,,,,,,,,,,,,0.0003,,,,,,,,,,,,0.0396,,,,,,,,,,,,,,,,,,,,,,,,,,,,0.0099,0.0099,0.0126,0.0007,,0.0136,0.004,,,,,,,,,,,,,,,,,,,,,,,,,,,,,,,,,,,,,,,,,,,,,,,,,,,,,,,,,,,,,,,,,,,,,,,,,,,,,,,,,,,,,,,,,,,,,,,
2050-12-13 16:00:00,,,,,,,,,,,,0.0003,,,,,,,,,,,,0.0396,,,,,,,,,,,,,,,,,,,,,,,,,,,,0.0099,0.0099,0.0126,0.0007,,0.0136,0.004,,,,,,,,,,,,,,,,,,,,,,,,,,,,,,,,,,,,,,,,,,,,,,,,,,,,,,,,,,,,,,,,,,,,,,,,,,,,,,,,,,,,,,,,,,,,,,,
2050-12-13 17:00:00,,,,,,,,,,,,0.0,,,,,,,,,,,,0.0286,,,,,,,,,,,,,,,,,,,,,,,,,,,,0.0,0.0,0.0,0.0,,0.0,0.0,,,,,,,,,,,,,,,,,,,,,,,,,,,,,,,,,,,,,,,,,,,,,,,,,,,,,,,,,,,,,,,,,,,,,,,,,,,,,,,,,,,,,,,,,,,,,,,
2050-12-13 18:00:00,,,,,,,,,,,,0.0,,,,,,,,,,,,0.0286,,,,,,,,,,,,,,,,,,,,,,,,,,,,0.0,0.0,0.0,0.0,,0.0,0.0,,,,,,,,,,,,,,,,,,,,,,,,,,,,,,,,,,,,,,,,,,,,,,,,,,,,,,,,,,,,,,,,,,,,,,,,,,,,,,,,,,,,,,,,,,,,,,,
2050-12-13 19:00:00,,,,,,,,,,,,0.0,,,,,,,,,,,,0.0286,,,,,,,,,,,,,,,,,,,,,,,,,,,,0.0,0.0,0.0,0.0,,0.0,0.0,,,,,,,,,,,,,,,,,,,,,,,,,,,,,,,,,,,,,,,,,,,,,,,,,,,,,,,,,,,,,,,,,,,,,,,,,,,,,,,,,,,,,,,,,,,,,,,
2050-12-13 20:00:00,,,,,,,,,,,,0.0,,,,,,,,,,,,0.0286,,,,,,,,,,,,,,,,,,,,,,,,,,,,0.0,0.0,0.0,0.0,,0.0,0.0,,,,,,,,,,,,,,,,,,,,,,,,,,,,,,,,,,,,,,,,,,,,,,,,,,,,,,,,,,,,,,,,,,,,,,,,,,,,,,,,,,,,,,,,,,,,,,,
2050-12-13 21:00:00,,,,,,,,,,,,0.0,,,,,,,,,,,,0.0286,,,,,,,,,,,,,,,,,,,,,,,,,,,,0.0,0.0,0.0,0.0,,0.0,0.0,,,,,,,,,,,,,,,,,,,,,,,,,,,,,,,,,,,,,,,,,,,,,,,,,,,,,,,,,,,,,,,,,,,,,,,,,,,,,,,,,,,,,,,,,,,,,,,
2050-12-13 22:00:00,,,,,,,,,,,,0.0,,,,,,,,,,,,0.0286,,,,,,,,,,,,,,,,,,,,,,,,,,,,0.0,0.0,0.0,0.0,,0.0,0.0,,,,,,,,,,,,,,,,,,,,,,,,,,,,,,,,,,,,,,,,,,,,,,,,,,,,,,,,,,,,,,,,,,,,,,,,,,,,,,,,,,,,,,,,,,,,,,,
2050-12-13 23:00:00,,,,,,,,,,,,0.0,,,,,,,,,,,,0.0286,,,,,,,,,,,,,,,,,,,,,,,,,,,,0.0,0.0,0.0,0.0,,0.0,0.0,,,,,,,,,,,,,,,,,,,,,,,,,,,,,,,,,,,,,,,,,,,,,,,,,,,,,,,,,,,,,,,,,,,,,,,,,,,,,,,,,,,,,,,,,,,,,,,
2050-12-14 00:00:00,,,,,,,,,,,,0.0,,,,,,,,,,,,0.0286,,,,,,,,,,,,,,,,,,,,,,,,,,,,0.0,0.0,0.0,0.0,,0.0,0.0,,,,,,,,,,,,,,,,,,,,,,,,,,,,,,,,,,,,,,,,,,,,,,,,,,,,,,,,,,,,,,,,,,,,,,,,,,,,,,,,,,,,,,,,,,,,,,,
2050-12-14 01:00:00,,,,,,,,,,,,0.0,,,,,,,,,,,,0.022000000000000002,,,,,,,,,,,,,,,,,,,,,,,,,,,,0.0,0.0,0.0,0.0,,0.0,0.0,,,,,,,,,,,,,,,,,,,,,,,,,,,,,,,,,,,,,,,,,,,,,,,,,,,,,,,,,,,,,,,,,,,,,,,,,,,,,,,,,,,,,,,,,,,,,,,
2050-12-14 02:00:00,,,,,,,,,,,,0.0,,,,,,,,,,,,0.022000000000000002,,,,,,,,,,,,,,,,,,,,,,,,,,,,0.0,0.0,0.0,0.0,,0.0,0.0,,,,,,,,,,,,,,,,,,,,,,,,,,,,,,,,,,,,,,,,,,,,,,,,,,,,,,,,,,,,,,,,,,,,,,,,,,,,,,,,,,,,,,,,,,,,,,,
2050-12-14 03:00:00,,,,,,,,,,,,0.0,,,,,,,,,,,,0.022000000000000002,,,,,,,,,,,,,,,,,,,,,,,,,,,,0.0,0.0,0.0,0.0,,0.0,0.0,,,,,,,,,,,,,,,,,,,,,,,,,,,,,,,,,,,,,,,,,,,,,,,,,,,,,,,,,,,,,,,,,,,,,,,,,,,,,,,,,,,,,,,,,,,,,,,
2050-12-14 04:00:00,,,,,,,,,,,,0.0,,,,,,,,,,,,0.022000000000000002,,,,,,,,,,,,,,,,,,,,,,,,,,,,0.008910000000000001,0.008910000000000001,0.0126,0.0007,,0.0136,0.0036000000000000003,,,,,,,,,,,,,,,,,,,,,,,,,,,,,,,,,,,,,,,,,,,,,,,,,,,,,,,,,,,,,,,,,,,,,,,,,,,,,,,,,,,,,,,,,,,,,,,
2050-12-14 05:00:00,,,,,,,,,,,,0.0,,,,,,,,,,,,0.022000000000000002,,,,,,,,,,,,,,,,,,,,,,,,,,,,0.008910000000000001,0.008910000000000001,0.0126,0.0007,,0.0136,0.0036000000000000003,,,,,,,,,,,,,,,,,,,,,,,,,,,,,,,,,,,,,,,,,,,,,,,,,,,,,,,,,,,,,,,,,,,,,,,,,,,,,,,,,,,,,,,,,,,,,,,
2050-12-14 06:00:00,,,,,,,,,,,,0.0,,,,,,,,,,,,0.011000000000000001,,,,,,,,,,,,,,,,,,,,,,,,,,,,0.008910000000000001,0.008910000000000001,0.0126,0.0007,,0.0136,0.0036000000000000003,,,,,,,,,,,,,,,,,,,,,,,,,,,,,,,,,,,,,,,,,,,,,,,,,,,,,,,,,,,,,,,,,,,,,,,,,,,,,,,,,,,,,,,,,,,,,,,
2050-12-14 07:00:00,,,,,,,,,,,,0.0,,,,,,,,,,,,0.0,,,,,,,,,,,,,,,,,,,,,,,,,,,,0.008910000000000001,0.008910000000000001,0.0126,0.0007,,0.0136,0.0036000000000000003,,,,,,,,,,,,,,,,,,,,,,,,,,,,,,,,,,,,,,,,,,,,,,,,,,,,,,,,,,,,,,,,,,,,,,,,,,,,,,,,,,,,,,,,,,,,,,,
2050-12-14 08:00:00,,,,,,,,,,,,0.0,,,,,,,,,,,,0.0,,,,,,,,,,,,,,,,,,,,,,,,,,,,0.008910000000000001,0.008910000000000001,0.0126,0.0007,,0.0136,0.0036000000000000003,,,,,,,,,,,,,,,,,,,,,,,,,,,,,,,,,,,,,,,,,,,,,,,,,,,,,,,,,,,,,,,,,,,,,,,,,,,,,,,,,,,,,,,,,,,,,,,
2050-12-14 09:00:00,,,,,,,,,,,,0.0003,,,,,,,,,,,,0.0,,,,,,,,,,,,,,,,,,,,,,,,,,,,0.008910000000000001,0.008910000000000001,0.0126,0.0007,,0.0136,0.0036000000000000003,,,,,,,,,,,,,,,,,,,,,,,,,,,,,,,,,,,,,,,,,,,,,,,,,,,,,,,,,,,,,,,,,,,,,,,,,,,,,,,,,,,,,,,,,,,,,,,
2050-12-14 10:00:00,,,,,,,,,,,,0.0003,,,,,,,,,,,,0.008910000000000001,,,,,,,,,,,,,,,,,,,,,,,,,,,,0.008910000000000001,0.008910000000000001,0.0126,0.0007,,0.0136,0.0036000000000000003,,,,,,,,,,,,,,,,,,,,,,,,,,,,,,,,,,,,,,,,,,,,,,,,,,,,,,,,,,,,,,,,,,,,,,,,,,,,,,,,,,,,,,,,,,,,,,,
2050-12-14 11:00:00,,,,,,,,,,,,0.0003,,,,,,,,,,,,0.017820000000000003,,,,,,,,,,,,,,,,,,,,,,,,,,,,0.008910000000000001,0.008910000000000001,0.0126,0.0007,,0.0136,0.0036000000000000003,,,,,,,,,,,,,,,,,,,,,,,,,,,,,,,,,,,,,,,,,,,,,,,,,,,,,,,,,,,,,,,,,,,,,,,,,,,,,,,,,,,,,,,,,,,,,,,
2050-12-14 12:00:00,,,,,,,,,,,,0.0003,,,,,,,,,,,,0.026730000000000004,,,,,,,,,,,,,,,,,,,,,,,,,,,,0.008910000000000001,0.008910000000000001,0.0126,0.0007,,0.0136,0.0036000000000000003,,,,,,,,,,,,,,,,,,,,,,,,,,,,,,,,,,,,,,,,,,,,,,,,,,,,,,,,,,,,,,,,,,,,,,,,,,,,,,,,,,,,,,,,,,,,,,,
2050-12-14 13:00:00,,,,,,,,,,,,0.0003,,,,,,,,,,,,0.026730000000000004,,,,,,,,,,,,,,,,,,,,,,,,,,,,0.008910000000000001,0.008910000000000001,0.0126,0.0007,,0.0136,0.0036000000000000003,,,,,,,,,,,,,,,,,,,,,,,,,,,,,,,,,,,,,,,,,,,,,,,,,,,,,,,,,,,,,,,,,,,,,,,,,,,,,,,,,,,,,,,,,,,,,,,
2050-12-14 14:00:00,,,,,,,,,,,,0.0003,,,,,,,,,,,,0.026730000000000004,,,,,,,,,,,,,,,,,,,,,,,,,,,,0.008910000000000001,0.008910000000000001,0.0126,0.0007,,0.0136,0.0036000000000000003,,,,,,,,,,,,,,,,,,,,,,,,,,,,,,,,,,,,,,,,,,,,,,,,,,,,,,,,,,,,,,,,,,,,,,,,,,,,,,,,,,,,,,,,,,,,,,,
2050-12-14 15:00:00,,,,,,,,,,,,0.0003,,,,,,,,,,,,0.026730000000000004,,,,,,,,,,,,,,,,,,,,,,,,,,,,0.008910000000000001,0.008910000000000001,0.0126,0.0007,,0.0136,0.0036000000000000003,,,,,,,,,,,,,,,,,,,,,,,,,,,,,,,,,,,,,,,,,,,,,,,,,,,,,,,,,,,,,,,,,,,,,,,,,,,,,,,,,,,,,,,,,,,,,,,
2050-12-14 16:00:00,,,,,,,,,,,,0.0003,,,,,,,,,,,,0.026730000000000004,,,,,,,,,,,,,,,,,,,,,,,,,,,,0.008910000000000001,0.008910000000000001,0.0126,0.0007,,0.0136,0.0036000000000000003,,,,,,,,,,,,,,,,,,,,,,,,,,,,,,,,,,,,,,,,,,,,,,,,,,,,,,,,,,,,,,,,,,,,,,,,,,,,,,,,,,,,,,,,,,,,,,,
2050-12-14 17:00:00,,,,,,,,,,,,0.0003,,,,,,,,,,,,0.026730000000000004,,,,,,,,,,,,,,,,,,,,,,,,,,,,0.008910000000000001,0.008910000000000001,0.0126,0.0007,,0.0136,0.0036000000000000003,,,,,,,,,,,,,,,,,,,,,,,,,,,,,,,,,,,,,,,,,,,,,,,,,,,,,,,,,,,,,,,,,,,,,,,,,,,,,,,,,,,,,,,,,,,,,,,
2050-12-14 18:00:00,,,,,,,,,,,,0.0003,,,,,,,,,,,,0.026730000000000004,,,,,,,,,,,,,,,,,,,,,,,,,,,,0.008910000000000001,0.008910000000000001,0.0126,0.0007,,0.0136,0.0036000000000000003,,,,,,,,,,,,,,,,,,,,,,,,,,,,,,,,,,,,,,,,,,,,,,,,,,,,,,,,,,,,,,,,,,,,,,,,,,,,,,,,,,,,,,,,,,,,,,,
2050-12-14 19:00:00,,,,,,,,,,,,0.0003,,,,,,,,,,,,0.026730000000000004,,,,,,,,,,,,,,,,,,,,,,,,,,,,0.008910000000000001,0.008910000000000001,0.0126,0.0007,,0.0136,0.0036000000000000003,,,,,,,,,,,,,,,,,,,,,,,,,,,,,,,,,,,,,,,,,,,,,,,,,,,,,,,,,,,,,,,,,,,,,,,,,,,,,,,,,,,,,,,,,,,,,,,
2050-12-14 20:00:00,,,,,,,,,,,,0.0003,,,,,,,,,,,,0.026730000000000004,,,,,,,,,,,,,,,,,,,,,,,,,,,,0.008910000000000001,0.008910000000000001,0.0126,0.0007,,0.0136,0.0036000000000000003,,,,,,,,,,,,,,,,,,,,,,,,,,,,,,,,,,,,,,,,,,,,,,,,,,,,,,,,,,,,,,,,,,,,,,,,,,,,,,,,,,,,,,,,,,,,,,,
2050-12-14 21:00:00,,,,,,,,,,,,0.0003,,,,,,,,,,,,0.026730000000000004,,,,,,,,,,,,,,,,,,,,,,,,,,,,0.008910000000000001,0.008910000000000001,0.0126,0.0007,,0.0136,0.0036000000000000003,,,,,,,,,,,,,,,,,,,,,,,,,,,,,,,,,,,,,,,,,,,,,,,,,,,,,,,,,,,,,,,,,,,,,,,,,,,,,,,,,,,,,,,,,,,,,,,
2050-12-14 22:00:00,,,,,,,,,,,,0.0003,,,,,,,,,,,,0.026730000000000004,,,,,,,,,,,,,,,,,,,,,,,,,,,,0.008910000000000001,0.008910000000000001,0.0,0.0007,,0.0136,0.0036000000000000003,,,,,,,,,,,,,,,,,,,,,,,,,,,,,,,,,,,,,,,,,,,,,,,,,,,,,,,,,,,,,,,,,,,,,,,,,,,,,,,,,,,,,,,,,,,,,,,
2050-12-14 23:00:00,,,,,,,,,,,,0.0003,,,,,,,,,,,,0.026730000000000004,,,,,,,,,,,,,,,,,,,,,,,,,,,,0.008910000000000001,0.008910000000000001,0.0,0.0007,,0.0136,0.0036000000000000003,,,,,,,,,,,,,,,,,,,,,,,,,,,,,,,,,,,,,,,,,,,,,,,,,,,,,,,,,,,,,,,,,,,,,,,,,,,,,,,,,,,,,,,,,,,,,,,
